post_id,anomaly_type
to64mgey2v3y,HTML Entities/Tags in Text
ckz4ciuuw7c5,HTML Entities/Tags in Text
xd96337v76wx,HTML Entities/Tags in Text
s5rqx7wko7m1,HTML Entities/Tags in Text
p7h083r7vums,HTML Entities/Tags in Text
wd436n6ouxir,HTML Entities/Tags in Text
9aebqwidw4n6,HTML Entities/Tags in Text
96xkquvldqrm,HTML Entities/Tags in Text
szo0hhgxcbvn,HTML Entities/Tags in Text
zf1w3c9xs1gd,HTML Entities/Tags in Text
wrpuf437gh64,HTML Entities/Tags in Text
nap5vkbmyrys,HTML Entities/Tags in Text
ca41scke5hc1,HTML Entities/Tags in Text
ggm0o09gniaq,HTML Entities/Tags in Text
u085n5n0c3xw,HTML Entities/Tags in Text
kjujs5t6d3fq,HTML Entities/Tags in Text
ibm43s0977z3,HTML Entities/Tags in Text
11tqzysq0g7q,HTML Entities/Tags in Text
xe673nhgfbbr,HTML Entities/Tags in Text
4m0fhsubh3ib,HTML Entities/Tags in Text
8lsclpnhm5yt,HTML Entities/Tags in Text
wbb51kgps34m,HTML Entities/Tags in Text
jejwhl2985wt,HTML Entities/Tags in Text
drehaxyr40ng,HTML Entities/Tags in Text
c0agl56ja1lo,HTML Entities/Tags in Text
5rk6uf9nmtef,HTML Entities/Tags in Text
lo3k5f63ppkj,HTML Entities/Tags in Text
r5cshwxwdu4f,HTML Entities/Tags in Text
qe6fzwx8qx0d,HTML Entities/Tags in Text
hbq697fbmm31,HTML Entities/Tags in Text
qjphn8r6reoe,HTML Entities/Tags in Text
vov15c8f9hn4,HTML Entities/Tags in Text
x6zat94ujy5r,HTML Entities/Tags in Text
8xvn18f0iur9,HTML Entities/Tags in Text
8d6ydbqjam6p,HTML Entities/Tags in Text
jcgovdqrmd6w,HTML Entities/Tags in Text
doei4jjymwyx,HTML Entities/Tags in Text
fd0j2eg2zvd4,HTML Entities/Tags in Text
hyltbneepnz5,HTML Entities/Tags in Text
njxzpz8kd1s0,HTML Entities/Tags in Text
gytbka5l0xgs,HTML Entities/Tags in Text
9rpvawhhieof,HTML Entities/Tags in Text
rkkkg5aot86o,HTML Entities/Tags in Text
0x8w7br3q0a4,HTML Entities/Tags in Text
2m5fdix6ku0n,HTML Entities/Tags in Text
w1f3x7uhpot6,HTML Entities/Tags in Text
9rliazbugj1e,HTML Entities/Tags in Text
ckcf7hpxz3gk,HTML Entities/Tags in Text
po8vcg83oomy,HTML Entities/Tags in Text
o5p7vvxf7xbe,HTML Entities/Tags in Text
h9yi2akmi82j,HTML Entities/Tags in Text
uj6p0712dxnc,HTML Entities/Tags in Text
h0g08c7cnj44,HTML Entities/Tags in Text
vun6gbniy3wr,HTML Entities/Tags in Text
7u9zk21a9c0r,HTML Entities/Tags in Text
nlpc8ozpkd3u,HTML Entities/Tags in Text
hs65mv60mdb9,HTML Entities/Tags in Text
prgzm38ols94,HTML Entities/Tags in Text
030vdql1vwxl,HTML Entities/Tags in Text
hsxt2gzs8k48,HTML Entities/Tags in Text
2itvr7s90wap,HTML Entities/Tags in Text
uwxsmp4ljm6c,HTML Entities/Tags in Text
25lxm69odb9h,HTML Entities/Tags in Text
vgobwbzhnu3t,HTML Entities/Tags in Text
5tgvd1ue8e5y,HTML Entities/Tags in Text
7c9nozhw51xg,HTML Entities/Tags in Text
w36i8vwkev80,HTML Entities/Tags in Text
grko4lgzl8rz,HTML Entities/Tags in Text
36o8182sh9bn,HTML Entities/Tags in Text
jcnmy3g3az1n,HTML Entities/Tags in Text
rx6acp3v6cyv,HTML Entities/Tags in Text
nap5vkbmyrys,HTML Entities/Tags in Text
02vdvvsovgsk,HTML Entities/Tags in Text
a7jjxuxmbh9t,HTML Entities/Tags in Text
h1zd89ozn13d,HTML Entities/Tags in Text
y0plnllq8zbq,HTML Entities/Tags in Text
wyepixrw3jpb,HTML Entities/Tags in Text
466t5yuijwdw,HTML Entities/Tags in Text
o4z97nmoygt7,HTML Entities/Tags in Text
khxjbe8wiyws,HTML Entities/Tags in Text
hziq3bs1jnwi,HTML Entities/Tags in Text
htlhzd3lvkjk,HTML Entities/Tags in Text
u5cker47kjsr,HTML Entities/Tags in Text
gq68086xz3y2,HTML Entities/Tags in Text
4tjvx9d0ybr4,HTML Entities/Tags in Text
qv74x8tnmfl1,HTML Entities/Tags in Text
x8m337jcma8s,HTML Entities/Tags in Text
ksym6087oldp,HTML Entities/Tags in Text
97dj3lym0s9g,HTML Entities/Tags in Text
14uxg6fklwji,HTML Entities/Tags in Text
itfqk3897jwx,HTML Entities/Tags in Text
8gy63xnolzzm,HTML Entities/Tags in Text
jrgekk75asku,HTML Entities/Tags in Text
eq9c8m5f1d2c,HTML Entities/Tags in Text
8ngrlv1y3gau,HTML Entities/Tags in Text
6dj8iphf7rzk,HTML Entities/Tags in Text
oy8x9ndlu73t,HTML Entities/Tags in Text
elh3kjhms94q,HTML Entities/Tags in Text
tmsjgeng6c8z,HTML Entities/Tags in Text
0wzhn1db5b2n,HTML Entities/Tags in Text
65gsj2nqid6j,HTML Entities/Tags in Text
ywfosxwfi31j,HTML Entities/Tags in Text
7juyimmol54j,HTML Entities/Tags in Text
x2q9zmifq3tj,HTML Entities/Tags in Text
tstwhgs7cc93,HTML Entities/Tags in Text
gw2vmwojjzno,HTML Entities/Tags in Text
ehy8ci55r7do,HTML Entities/Tags in Text
v0pjqj6dgaj5,HTML Entities/Tags in Text
4x5slw5j5kfm,HTML Entities/Tags in Text
kj3n7vzg5i73,HTML Entities/Tags in Text
ghjbua1qgv1x,HTML Entities/Tags in Text
qarmoo51vub7,HTML Entities/Tags in Text
1w1wrgzh4r6l,HTML Entities/Tags in Text
8mf0pwf3qdyd,HTML Entities/Tags in Text
7futchvawt7b,HTML Entities/Tags in Text
6vx1pc4nvxlp,HTML Entities/Tags in Text
9bey0vindl28,HTML Entities/Tags in Text
y6lxgmxqazqq,HTML Entities/Tags in Text
hkspdhbvlx7d,HTML Entities/Tags in Text
z5hxataf83dc,HTML Entities/Tags in Text
c2qgp7h7lkra,HTML Entities/Tags in Text
z9das509iaws,HTML Entities/Tags in Text
o8ehx3ul8gsg,HTML Entities/Tags in Text
xlukyxnx9ft1,HTML Entities/Tags in Text
1tp3erp7ugdl,HTML Entities/Tags in Text
rqgptc089rem,HTML Entities/Tags in Text
vdkr81qouvc1,HTML Entities/Tags in Text
rgt4wvg3zssk,HTML Entities/Tags in Text
u9ii7vq1mdkc,HTML Entities/Tags in Text
8yn962vo4c0m,HTML Entities/Tags in Text
lwlmg8d4r2ek,HTML Entities/Tags in Text
vspm3naqhklx,HTML Entities/Tags in Text
oepxuw8639ai,HTML Entities/Tags in Text
qa8hei7ma6uq,HTML Entities/Tags in Text
75pyl8202rpa,HTML Entities/Tags in Text
mz9ipwbogql4,HTML Entities/Tags in Text
fszbo9jt1ftz,HTML Entities/Tags in Text
wys3k87ougo4,HTML Entities/Tags in Text
wt7lcwghxlch,HTML Entities/Tags in Text
sh93oun9bqzy,HTML Entities/Tags in Text
wdkopvztxy5z,HTML Entities/Tags in Text
0ou01p2ggfo0,HTML Entities/Tags in Text
stenh0tv94kh,HTML Entities/Tags in Text
ij98smg52uzf,HTML Entities/Tags in Text
gjwjs3cqpqd6,HTML Entities/Tags in Text
i3aev4al22n2,HTML Entities/Tags in Text
0j2l3ws2f52m,HTML Entities/Tags in Text
gpyys98xqdgt,HTML Entities/Tags in Text
1i619u843dhk,HTML Entities/Tags in Text
bpx4p2qi49ei,HTML Entities/Tags in Text
9nsazpjqgbj2,HTML Entities/Tags in Text
cku1xuphqlei,HTML Entities/Tags in Text
ukuv531gx7p9,HTML Entities/Tags in Text
w2ndk0hik28m,HTML Entities/Tags in Text
thy8sh1qlido,HTML Entities/Tags in Text
j0nr906xh7m2,HTML Entities/Tags in Text
x48913q6tuvm,HTML Entities/Tags in Text
7bjv7cfx71yq,HTML Entities/Tags in Text
uv3uxjj69tv3,HTML Entities/Tags in Text
y0w7r2gg61q7,HTML Entities/Tags in Text
rbbyfh78v6cz,HTML Entities/Tags in Text
04b0tqdhqiwn,HTML Entities/Tags in Text
zk98rb4idkyd,HTML Entities/Tags in Text
ns5y5opezwu1,HTML Entities/Tags in Text
7r113rob19uv,HTML Entities/Tags in Text
lu3449bin121,HTML Entities/Tags in Text
jv5o3slc52mu,HTML Entities/Tags in Text
n2cr6grs6eeu,HTML Entities/Tags in Text
svtwo40qs8dr,HTML Entities/Tags in Text
a24ju987xx7s,HTML Entities/Tags in Text
tf7gl6egn752,HTML Entities/Tags in Text
ur8rbapfyo04,HTML Entities/Tags in Text
b7vpvgl5ib3k,HTML Entities/Tags in Text
jdej14004df4,HTML Entities/Tags in Text
shx34c3rb31y,HTML Entities/Tags in Text
qa1cqtu6ftl7,HTML Entities/Tags in Text
vf78arjv9un6,HTML Entities/Tags in Text
ab49jafu1wub,HTML Entities/Tags in Text
1wey64otjry7,HTML Entities/Tags in Text
5pfylwwmnuii,HTML Entities/Tags in Text
ahq541qz6sog,HTML Entities/Tags in Text
4aw8m40vyvzp,HTML Entities/Tags in Text
3ibop4roimet,HTML Entities/Tags in Text
7vr2voq6oaw9,HTML Entities/Tags in Text
t9050mdsafpm,HTML Entities/Tags in Text
342qtbrhbrau,HTML Entities/Tags in Text
zzk8v9tegf3j,HTML Entities/Tags in Text
8cajkwtn395l,HTML Entities/Tags in Text
ikodeinxsgbb,HTML Entities/Tags in Text
3shzzeifidmu,HTML Entities/Tags in Text
yjxtirv4qljy,HTML Entities/Tags in Text
z8kh004llk8l,HTML Entities/Tags in Text
fc6x1kd343ak,HTML Entities/Tags in Text
w6hiphrq93ze,HTML Entities/Tags in Text
r0wjj9frtjnk,HTML Entities/Tags in Text
8rso4c8txg55,HTML Entities/Tags in Text
l37jn4q0kmiu,HTML Entities/Tags in Text
gh4lkoodadoj,HTML Entities/Tags in Text
6d1wkacoavg2,HTML Entities/Tags in Text
lw54oauc1dj7,HTML Entities/Tags in Text
7bqsgyqcp115,HTML Entities/Tags in Text
ylozblb4ulwo,HTML Entities/Tags in Text
lhir9f6j38vu,HTML Entities/Tags in Text
4zrw6en8aqag,HTML Entities/Tags in Text
olz5koin9ghi,HTML Entities/Tags in Text
19en54lcd3ef,HTML Entities/Tags in Text
kh8zldboac41,HTML Entities/Tags in Text
rxet935sfhhs,HTML Entities/Tags in Text
g0kphq191xae,HTML Entities/Tags in Text
o187guvaj1pu,HTML Entities/Tags in Text
z3ni8wx0ylzy,HTML Entities/Tags in Text
rj3ekxhq6ym9,HTML Entities/Tags in Text
wawuzgytmd76,HTML Entities/Tags in Text
5m2aoxc0uwry,HTML Entities/Tags in Text
6co3mkwoierv,HTML Entities/Tags in Text
izcqlkciegl8,HTML Entities/Tags in Text
0l2965kkf9ux,HTML Entities/Tags in Text
wdjd3z47se6u,HTML Entities/Tags in Text
x0gf4v80fhvl,HTML Entities/Tags in Text
dn66pyjhdgx6,HTML Entities/Tags in Text
ma7lqjywrzoa,HTML Entities/Tags in Text
jver3ytqm69f,HTML Entities/Tags in Text
v9z0lutk0c56,HTML Entities/Tags in Text
ll5pfc0swlyw,HTML Entities/Tags in Text
1spg9uio3r6t,HTML Entities/Tags in Text
vx3vhwp1v2yv,HTML Entities/Tags in Text
6vytwg81jbtj,HTML Entities/Tags in Text
ajjpu5bgk34b,HTML Entities/Tags in Text
mrdetiugffnv,HTML Entities/Tags in Text
r099380xzgg0,HTML Entities/Tags in Text
qyp0ja9sewcy,HTML Entities/Tags in Text
4hp0x1ge9qqg,HTML Entities/Tags in Text
qchipuz2fxx6,HTML Entities/Tags in Text
xqm0hwv936y5,HTML Entities/Tags in Text
aomlnq94vnuj,HTML Entities/Tags in Text
zit1fvwwht46,HTML Entities/Tags in Text
wyjtjzj9f9w8,HTML Entities/Tags in Text
oc0bh3hjjeoi,HTML Entities/Tags in Text
rudyo27978s4,HTML Entities/Tags in Text
zw3p2lgkhb45,HTML Entities/Tags in Text
bndmlbvypdp2,HTML Entities/Tags in Text
e6etjx94c8xs,HTML Entities/Tags in Text
0czpcoy06vve,HTML Entities/Tags in Text
6u1jimq1dxx5,HTML Entities/Tags in Text
ar9su8asntcn,HTML Entities/Tags in Text
a3r9q2wjewcb,HTML Entities/Tags in Text
2ipgl66lc8i4,HTML Entities/Tags in Text
tz7t23xax5fz,HTML Entities/Tags in Text
jtxskcu28trh,HTML Entities/Tags in Text
vcl8uw65wql1,HTML Entities/Tags in Text
epiu487wifdk,HTML Entities/Tags in Text
gim1x0p5b5vm,HTML Entities/Tags in Text
gq2sq5wowubm,HTML Entities/Tags in Text
pl3fpi7w1ey5,HTML Entities/Tags in Text
pu74krqwqtr1,HTML Entities/Tags in Text
mg8phx83zivt,HTML Entities/Tags in Text
t499hoqf6xav,HTML Entities/Tags in Text
v1301xraeivy,HTML Entities/Tags in Text
9pbd2hr10jje,HTML Entities/Tags in Text
11tqzysq0g7q,HTML Entities/Tags in Text
p6n758yjz36i,HTML Entities/Tags in Text
9ve8hxjsph9r,HTML Entities/Tags in Text
yfh4hswh7vhp,HTML Entities/Tags in Text
31c0ih9adn7b,HTML Entities/Tags in Text
xbkc23owvnxv,HTML Entities/Tags in Text
g43qnnfmrmym,HTML Entities/Tags in Text
eyeq85eibzqx,HTML Entities/Tags in Text
0umpabavyfrk,HTML Entities/Tags in Text
033nh4sa358q,HTML Entities/Tags in Text
dkfxgverjjgz,HTML Entities/Tags in Text
nil8k9nflzoo,HTML Entities/Tags in Text
jh96mrf5ktw7,HTML Entities/Tags in Text
nyqnatla7pvu,HTML Entities/Tags in Text
r84in45mekqs,HTML Entities/Tags in Text
dsx8bppwalr5,HTML Entities/Tags in Text
bywdxdqcf0jz,HTML Entities/Tags in Text
ebxbr6czd1vn,HTML Entities/Tags in Text
8va4va9bo07c,HTML Entities/Tags in Text
r99by1nknc73,HTML Entities/Tags in Text
5zi1kiysi9di,HTML Entities/Tags in Text
u42rd2vrwyex,HTML Entities/Tags in Text
fvexyjle1b12,HTML Entities/Tags in Text
eu93e8o906sp,HTML Entities/Tags in Text
hw64slgq81d3,HTML Entities/Tags in Text
pdow6dewsfes,HTML Entities/Tags in Text
sb39tdf4d49s,HTML Entities/Tags in Text
ep3xel3gxoub,HTML Entities/Tags in Text
lw0q7drr60n6,HTML Entities/Tags in Text
z5yl7fy06ijt,HTML Entities/Tags in Text
rt8luudjrzcp,HTML Entities/Tags in Text
rylh7la7klj8,HTML Entities/Tags in Text
m4z187c9yks8,HTML Entities/Tags in Text
67lpjhx4smda,HTML Entities/Tags in Text
v0x21ivl0qwp,HTML Entities/Tags in Text
c8ulz8ambpnd,HTML Entities/Tags in Text
frz4nhpqjlvp,HTML Entities/Tags in Text
8ugw1iqqhy3g,HTML Entities/Tags in Text
2u0bl8oma4wq,HTML Entities/Tags in Text
tcriptglbzr5,HTML Entities/Tags in Text
7pcj8jkf9p5z,HTML Entities/Tags in Text
8mf0pwf3qdyd,HTML Entities/Tags in Text
lssbhk5gvp87,HTML Entities/Tags in Text
iuh63jz4vich,HTML Entities/Tags in Text
d43jw9ssvmlk,HTML Entities/Tags in Text
x8m54xeznypo,HTML Entities/Tags in Text
8epzty13p86t,HTML Entities/Tags in Text
ggjsg4prui4q,HTML Entities/Tags in Text
x0jdtitilq6d,HTML Entities/Tags in Text
ck1u6efvyr24,HTML Entities/Tags in Text
g9bvy52ib116,HTML Entities/Tags in Text
wldartz78o9y,HTML Entities/Tags in Text
k5k6tiorezwc,HTML Entities/Tags in Text
vkmctndzwzkn,HTML Entities/Tags in Text
ic56ym312j8m,HTML Entities/Tags in Text
i11obzd4owh3,HTML Entities/Tags in Text
dmcp1fxt68fw,HTML Entities/Tags in Text
81khjr3w6eu8,HTML Entities/Tags in Text
q6o3g98ig834,HTML Entities/Tags in Text
oiqsqs91nhix,HTML Entities/Tags in Text
ckcf7hpxz3gk,HTML Entities/Tags in Text
uvykn99vr2yj,HTML Entities/Tags in Text
itp6yzuyylii,HTML Entities/Tags in Text
n293muiujydn,HTML Entities/Tags in Text
23x345uunnpr,HTML Entities/Tags in Text
ktpnydaz6mdm,HTML Entities/Tags in Text
ca1g38w90f7k,HTML Entities/Tags in Text
6l6yzdkr15tm,HTML Entities/Tags in Text
0a1dv7vyzja6,HTML Entities/Tags in Text
p5kl29xezzx5,HTML Entities/Tags in Text
d88iq3g1p13b,HTML Entities/Tags in Text
o8lskv26shec,HTML Entities/Tags in Text
folsc6irtsqh,HTML Entities/Tags in Text
i0j71rlv4b2y,HTML Entities/Tags in Text
0ngy8m83mr3j,HTML Entities/Tags in Text
ad95or1x743y,HTML Entities/Tags in Text
iraz6nneiem1,HTML Entities/Tags in Text
rnk5jqh82u0w,HTML Entities/Tags in Text
bk2s9zaea6l8,HTML Entities/Tags in Text
v1avf0bg1o2a,HTML Entities/Tags in Text
86o0rj4qbmyg,HTML Entities/Tags in Text
zf5lq1wqdo8w,HTML Entities/Tags in Text
w1f3x7uhpot6,HTML Entities/Tags in Text
4x3awvzx0zjg,HTML Entities/Tags in Text
rqcr8559yfbc,HTML Entities/Tags in Text
iyjag9mqhyew,HTML Entities/Tags in Text
fmbszz92v17x,HTML Entities/Tags in Text
uwubtlijvvwy,HTML Entities/Tags in Text
2buvjpoibfvq,HTML Entities/Tags in Text
tq2motag8nwz,HTML Entities/Tags in Text
xc81uzadr32g,HTML Entities/Tags in Text
jk7jwlzw851k,HTML Entities/Tags in Text
qw3tw7ndt4n0,HTML Entities/Tags in Text
7wmx9eqjjtxi,HTML Entities/Tags in Text
vnaba0ro3slq,HTML Entities/Tags in Text
vy52gkw6b3am,HTML Entities/Tags in Text
tobrtx3gucsn,HTML Entities/Tags in Text
cek64x2ngwra,HTML Entities/Tags in Text
2vn3atdmfm29,HTML Entities/Tags in Text
j3pehdin5ntz,HTML Entities/Tags in Text
d6ju4kz17r5b,HTML Entities/Tags in Text
8oh3tlv3r3x7,HTML Entities/Tags in Text
pb9u556ghujy,HTML Entities/Tags in Text
veo3zamwavsi,HTML Entities/Tags in Text
bl3mmdoymy91,HTML Entities/Tags in Text
hx5kyazi9snq,HTML Entities/Tags in Text
4yoi2jtgnufd,HTML Entities/Tags in Text
7oibu1ewyphj,HTML Entities/Tags in Text
o3gcgf7q7e88,HTML Entities/Tags in Text
tspf7gu0kun8,HTML Entities/Tags in Text
2bcaus14arto,HTML Entities/Tags in Text
xq7vm4d9vuy4,HTML Entities/Tags in Text
rmhx41se63fu,HTML Entities/Tags in Text
qqu9rguvea66,HTML Entities/Tags in Text
9bzj11twpfkx,HTML Entities/Tags in Text
cskdpadr0b9m,HTML Entities/Tags in Text
65has8r8p46d,HTML Entities/Tags in Text
vspm3naqhklx,HTML Entities/Tags in Text
adv0nilduoer,HTML Entities/Tags in Text
5tuknknltypf,HTML Entities/Tags in Text
nntgwdwxgk9y,HTML Entities/Tags in Text
wtyxc4x3kw6t,HTML Entities/Tags in Text
06xbdl43w0xh,HTML Entities/Tags in Text
ue7tsmjdm4qc,HTML Entities/Tags in Text
5s7gkrwixydh,HTML Entities/Tags in Text
s6illlq4vvky,HTML Entities/Tags in Text
rua5um94z9lt,HTML Entities/Tags in Text
rp8bqj3kf8ac,HTML Entities/Tags in Text
371pjxuhqt15,HTML Entities/Tags in Text
6kr62noox7mw,HTML Entities/Tags in Text
nixdtev4vg8a,HTML Entities/Tags in Text
zwbcayr2vdv7,HTML Entities/Tags in Text
3p9dcx90b1c9,HTML Entities/Tags in Text
d2b1eodco9dh,HTML Entities/Tags in Text
3culw71ydgof,HTML Entities/Tags in Text
q96n60tt91ed,HTML Entities/Tags in Text
469qd56jklxp,HTML Entities/Tags in Text
4c24ibs5gvtb,HTML Entities/Tags in Text
ss1ubn58q56i,HTML Entities/Tags in Text
40g6wwvhu1du,HTML Entities/Tags in Text
klskzkgpe8q6,HTML Entities/Tags in Text
vuixlzsd9qb4,HTML Entities/Tags in Text
ggjp1fvubkx8,HTML Entities/Tags in Text
9jcq2rx0i8h9,HTML Entities/Tags in Text
2gq6i2rqw2qc,HTML Entities/Tags in Text
oyecmpkimwmz,HTML Entities/Tags in Text
hw285tvtxgjc,HTML Entities/Tags in Text
euvr0r10wrj6,HTML Entities/Tags in Text
cd65aqs67yse,HTML Entities/Tags in Text
0e3df7tliu6o,HTML Entities/Tags in Text
89a48g3xjols,HTML Entities/Tags in Text
ikm3oc675zcp,HTML Entities/Tags in Text
swgl9ozzdbwg,HTML Entities/Tags in Text
nk05o9trqijy,HTML Entities/Tags in Text
q1ap8lqt8355,HTML Entities/Tags in Text
oxh1m1owiqtt,HTML Entities/Tags in Text
nhhofydk0p8z,HTML Entities/Tags in Text
gh3gfippjvbo,HTML Entities/Tags in Text
3ucezohnebcv,HTML Entities/Tags in Text
jbm8b5q8ek1t,HTML Entities/Tags in Text
3nu9k04ie0t4,HTML Entities/Tags in Text
ny896s2btwp7,HTML Entities/Tags in Text
6yxw1oxgpxf7,HTML Entities/Tags in Text
a1t3m69jo2a2,HTML Entities/Tags in Text
2u0bl8oma4wq,HTML Entities/Tags in Text
wap3nes454w6,HTML Entities/Tags in Text
rgeyt3rr777d,HTML Entities/Tags in Text
1pr8x8el5ew7,HTML Entities/Tags in Text
mukxkmkdat2a,HTML Entities/Tags in Text
otx494ljekuy,HTML Entities/Tags in Text
5nnz27y7bki8,HTML Entities/Tags in Text
9tbip7dv02z5,HTML Entities/Tags in Text
ualg2hp0y604,HTML Entities/Tags in Text
uw0phwbdb83b,HTML Entities/Tags in Text
a6elc9hyzj93,HTML Entities/Tags in Text
30p5e2wkjy7j,HTML Entities/Tags in Text
ctcuycwyxpx8,HTML Entities/Tags in Text
slvl8xazhezw,HTML Entities/Tags in Text
0j6qfbwgb1vp,HTML Entities/Tags in Text
dt4ixwc1e62g,HTML Entities/Tags in Text
vxj98q7eqpea,HTML Entities/Tags in Text
1bmcf7a4x91y,HTML Entities/Tags in Text
ub0f8mn2znuo,HTML Entities/Tags in Text
na5bvoh12fnb,HTML Entities/Tags in Text
xnz68poitdtd,HTML Entities/Tags in Text
55hw1gk2z2n9,HTML Entities/Tags in Text
mrz34jzsmhp3,HTML Entities/Tags in Text
1bm80h59r434,HTML Entities/Tags in Text
hl53ssvl9soz,HTML Entities/Tags in Text
29qks10vnefi,HTML Entities/Tags in Text
ne1jpqrqlyoj,HTML Entities/Tags in Text
hyah7ipivgv8,HTML Entities/Tags in Text
43voh56zgv5o,HTML Entities/Tags in Text
ukjgz1cz7lhn,HTML Entities/Tags in Text
uq11g71flruy,HTML Entities/Tags in Text
db8avd4n9wf5,HTML Entities/Tags in Text
fhk23mflpwcn,HTML Entities/Tags in Text
5s8uzzhvzvt1,HTML Entities/Tags in Text
0pi8wi0ojqu6,HTML Entities/Tags in Text
kytjzure5wvz,HTML Entities/Tags in Text
7vyax7k61cix,HTML Entities/Tags in Text
q4iv16tzp7ih,HTML Entities/Tags in Text
otdb2hl6fr5o,HTML Entities/Tags in Text
6jgevbj40ppi,HTML Entities/Tags in Text
nvc2of8fb8o1,HTML Entities/Tags in Text
20wgr0u8k3ho,HTML Entities/Tags in Text
gfg0mtp157o1,HTML Entities/Tags in Text
x71onv9ax540,HTML Entities/Tags in Text
96ovglmnswx4,HTML Entities/Tags in Text
j05xlwd7vwv3,HTML Entities/Tags in Text
8s146vuv2q4t,HTML Entities/Tags in Text
0agjgg6ak8qe,HTML Entities/Tags in Text
7ewexznc9xyk,HTML Entities/Tags in Text
jfxix9mqy24i,HTML Entities/Tags in Text
yx2e2ld1831r,HTML Entities/Tags in Text
a0oy5c9p2snq,HTML Entities/Tags in Text
qtejepyeiaux,HTML Entities/Tags in Text
vag5sbdh4b75,HTML Entities/Tags in Text
7behxc74ztq3,HTML Entities/Tags in Text
4s40pkqye8lk,HTML Entities/Tags in Text
q06z8zv5aoaf,HTML Entities/Tags in Text
u0y2h9mtvl3z,HTML Entities/Tags in Text
pdp28t3tgfv0,HTML Entities/Tags in Text
41key2e1z6zj,HTML Entities/Tags in Text
yglx81qw7v5l,HTML Entities/Tags in Text
0tn97fr6b1n5,HTML Entities/Tags in Text
t36lrrnxvegt,HTML Entities/Tags in Text
3yxofim4lb82,HTML Entities/Tags in Text
50bm0z2uwiz8,HTML Entities/Tags in Text
7g9spfl19946,HTML Entities/Tags in Text
5ar0c48ld0dr,HTML Entities/Tags in Text
6u5es6p5t8mm,HTML Entities/Tags in Text
dvnuylbi2cnk,HTML Entities/Tags in Text
t78upthh4xrw,HTML Entities/Tags in Text
b4331tkr7eak,HTML Entities/Tags in Text
1u30kayagj1w,HTML Entities/Tags in Text
kpl8xubk8f0k,HTML Entities/Tags in Text
5rvmfuduf754,HTML Entities/Tags in Text
yvdf939r6l36,HTML Entities/Tags in Text
zosn8u2m20fo,HTML Entities/Tags in Text
hjpeyeowumyn,HTML Entities/Tags in Text
br3gu73lot8j,HTML Entities/Tags in Text
et8qpvr2zo25,HTML Entities/Tags in Text
h8ycp5acj6p3,HTML Entities/Tags in Text
drfcne73krbb,HTML Entities/Tags in Text
lmt3d7f9ud6l,HTML Entities/Tags in Text
jpc8hldgwp5x,HTML Entities/Tags in Text
virc50nglbi9,HTML Entities/Tags in Text
zhzn0xleml7i,HTML Entities/Tags in Text
xisga51vmqk7,HTML Entities/Tags in Text
h9p2vgcbeirg,HTML Entities/Tags in Text
nl8fzf0g2sqn,HTML Entities/Tags in Text
mp2xr41n0dhc,HTML Entities/Tags in Text
2qm96im1no7y,HTML Entities/Tags in Text
xlypry3j4ovu,HTML Entities/Tags in Text
v3t01hguvsdp,HTML Entities/Tags in Text
jr3x02l4ngfs,HTML Entities/Tags in Text
l02kwjwms38d,HTML Entities/Tags in Text
qsym5lh0kra2,HTML Entities/Tags in Text
owo74juy7gvp,HTML Entities/Tags in Text
rfzi5z9rbveo,HTML Entities/Tags in Text
245sh23o99q0,HTML Entities/Tags in Text
v8rzl35p2flc,HTML Entities/Tags in Text
r7m1gvqhigfg,HTML Entities/Tags in Text
iostjsu89rj6,HTML Entities/Tags in Text
wynatyre1e3o,HTML Entities/Tags in Text
pxfsng862y9s,HTML Entities/Tags in Text
rjuq65bm97zj,HTML Entities/Tags in Text
pa8am538m4bf,HTML Entities/Tags in Text
v2du41xbl90c,HTML Entities/Tags in Text
ii1wx06y5teu,HTML Entities/Tags in Text
5p1h42jkiwdr,HTML Entities/Tags in Text
gckjezk0tefr,HTML Entities/Tags in Text
h27hzad9tims,HTML Entities/Tags in Text
vus11zr1vqvh,HTML Entities/Tags in Text
bsm0el8ocr7b,HTML Entities/Tags in Text
irvsz518x8ce,HTML Entities/Tags in Text
6bykwhimz6as,HTML Entities/Tags in Text
wqum68wtc02i,HTML Entities/Tags in Text
26kq3u6zzqxw,HTML Entities/Tags in Text
eu1shz96ofgs,HTML Entities/Tags in Text
zl68yhjzz2jr,HTML Entities/Tags in Text
6bykwhimz6as,HTML Entities/Tags in Text
wrjr7n970pvn,HTML Entities/Tags in Text
t3sxlfbg3i9x,HTML Entities/Tags in Text
9w3vc7rrohr2,HTML Entities/Tags in Text
2mgdmfzfcyn3,HTML Entities/Tags in Text
a4dssi4gs3pk,HTML Entities/Tags in Text
katctn607ym6,HTML Entities/Tags in Text
9wwidus6dfb6,HTML Entities/Tags in Text
xg8nzsr1lkli,HTML Entities/Tags in Text
vkyowrriqz3q,HTML Entities/Tags in Text
wh8tdkgkwxti,HTML Entities/Tags in Text
7d742af34q20,HTML Entities/Tags in Text
e4d05mcrnt1s,HTML Entities/Tags in Text
rn7oz2aoi4co,HTML Entities/Tags in Text
rebyxgc0gz73,HTML Entities/Tags in Text
zj5yfianl4k2,HTML Entities/Tags in Text
xkv3mv1avllq,HTML Entities/Tags in Text
2dhpevwoz8oq,HTML Entities/Tags in Text
s0m3uxuu6kby,HTML Entities/Tags in Text
yf0baqhazp8m,HTML Entities/Tags in Text
gn9gnl4zw1n7,HTML Entities/Tags in Text
p8yw31t078lb,HTML Entities/Tags in Text
wsqv8ley5z5r,HTML Entities/Tags in Text
8tyl92cg49r1,HTML Entities/Tags in Text
sitr5zqmyn0m,HTML Entities/Tags in Text
mek2sunxuf1g,HTML Entities/Tags in Text
e8uvdr3wvv0t,HTML Entities/Tags in Text
yp8z4vwfuf6x,HTML Entities/Tags in Text
qduujgz8c3ul,HTML Entities/Tags in Text
q1q1diptadli,HTML Entities/Tags in Text
9xj5z677tm57,HTML Entities/Tags in Text
f9iyq2d8kisy,HTML Entities/Tags in Text
3v2q7xbpjm1j,HTML Entities/Tags in Text
2s3cwu354fmt,HTML Entities/Tags in Text
pxprmt6vb0kv,HTML Entities/Tags in Text
jmiw9a1wi1lt,HTML Entities/Tags in Text
a8ha1cl6e42t,HTML Entities/Tags in Text
w6646vii35d4,HTML Entities/Tags in Text
6j3tnhtf8xbl,HTML Entities/Tags in Text
5fdbywjsnl3o,HTML Entities/Tags in Text
gj02u1ho0do0,HTML Entities/Tags in Text
zsvclb2mvo8d,HTML Entities/Tags in Text
0hzyrx6g6vv0,HTML Entities/Tags in Text
n0y7ezcgnzih,HTML Entities/Tags in Text
3ojp1sokgib7,HTML Entities/Tags in Text
wnrnk542y7kl,HTML Entities/Tags in Text
c7uj4tzgayup,HTML Entities/Tags in Text
aeoe45jropbs,HTML Entities/Tags in Text
bfk4ax8z29fa,HTML Entities/Tags in Text
3qixvyl0hezl,HTML Entities/Tags in Text
003s4ulm32tk,HTML Entities/Tags in Text
8h8e5c3z04t6,HTML Entities/Tags in Text
bo06hcawln5g,HTML Entities/Tags in Text
jg2sdnw35rlw,HTML Entities/Tags in Text
uufhcfhexzft,HTML Entities/Tags in Text
io0zdsityqr3,HTML Entities/Tags in Text
53ksopmvi2hi,HTML Entities/Tags in Text
dol7bf8w13b0,HTML Entities/Tags in Text
q1gd5ti2lj2j,HTML Entities/Tags in Text
do3sdxxeqkfd,HTML Entities/Tags in Text
79hxb03seehu,HTML Entities/Tags in Text
g77w8x0kj5qk,HTML Entities/Tags in Text
yjj2f8nr3mor,HTML Entities/Tags in Text
t6ggr94z1d8z,HTML Entities/Tags in Text
srv0p7osr3ae,HTML Entities/Tags in Text
3zd8270tp7b8,HTML Entities/Tags in Text
4kx1ic67ce30,HTML Entities/Tags in Text
tsoqhem5yfxb,HTML Entities/Tags in Text
b5krgoj04ti6,HTML Entities/Tags in Text
82xtufqf1d8z,HTML Entities/Tags in Text
kayodb2jthzu,HTML Entities/Tags in Text
j5chzcr0lcai,HTML Entities/Tags in Text
3ooangfkggu1,HTML Entities/Tags in Text
k93aemib8aim,HTML Entities/Tags in Text
7bseyuvt3ggt,HTML Entities/Tags in Text
46yninbfki54,HTML Entities/Tags in Text
o1ktdy0c3vzp,HTML Entities/Tags in Text
7wmx9eqjjtxi,HTML Entities/Tags in Text
lbecisfyum2a,HTML Entities/Tags in Text
duh4zvhx1e7z,HTML Entities/Tags in Text
zs21cnws00vl,HTML Entities/Tags in Text
mzv1zi9wbj6a,HTML Entities/Tags in Text
hdy113swv4wl,HTML Entities/Tags in Text
qeronnp8nrt3,HTML Entities/Tags in Text
g9o5h2t0b62f,HTML Entities/Tags in Text
0f3ufvxc5hvv,HTML Entities/Tags in Text
1999k9h3i4ip,HTML Entities/Tags in Text
jk2pfps2jhzv,HTML Entities/Tags in Text
qkv36l6arn33,HTML Entities/Tags in Text
b1udsk9iwpc8,HTML Entities/Tags in Text
da8igidag2vs,HTML Entities/Tags in Text
yn18mwc8oeva,HTML Entities/Tags in Text
g3jeosz7ozgp,HTML Entities/Tags in Text
xapkcv5g4qm6,HTML Entities/Tags in Text
cdo2d70cskld,HTML Entities/Tags in Text
px9lfe9nfm08,HTML Entities/Tags in Text
45ti29lqk1hm,HTML Entities/Tags in Text
i7wl22yqjjau,HTML Entities/Tags in Text
8zl87rkz7f70,HTML Entities/Tags in Text
zjd2acc6g489,HTML Entities/Tags in Text
92jjrqchc17l,HTML Entities/Tags in Text
drfcne73krbb,HTML Entities/Tags in Text
e79n9u0wuh48,HTML Entities/Tags in Text
uwlpl3xoxu7q,HTML Entities/Tags in Text
l8il3yq53em5,HTML Entities/Tags in Text
po5q6hyb5676,HTML Entities/Tags in Text
e7c6sbu84txk,HTML Entities/Tags in Text
4jh7qmiddsqr,HTML Entities/Tags in Text
qx2z1pz9ntw7,HTML Entities/Tags in Text
zyfzheh3a9bg,HTML Entities/Tags in Text
yry0lvohvo08,HTML Entities/Tags in Text
qdgcosdrfs26,HTML Entities/Tags in Text
do7n4vqwn5qt,HTML Entities/Tags in Text
it1xljrqlbfo,HTML Entities/Tags in Text
ayf9p67rpewt,HTML Entities/Tags in Text
dcrmzldml6vy,HTML Entities/Tags in Text
l7qqafjfadrc,HTML Entities/Tags in Text
0phkbryd1eet,HTML Entities/Tags in Text
kp83m4s4o0ur,HTML Entities/Tags in Text
mpnnymuklf2c,HTML Entities/Tags in Text
oqzraxnpka7r,HTML Entities/Tags in Text
j2yldjf6zylg,HTML Entities/Tags in Text
q5czuomq4hh1,HTML Entities/Tags in Text
qq86lkjrfzlt,HTML Entities/Tags in Text
vt4ejhf73fe3,HTML Entities/Tags in Text
yypyqbzpjtpa,HTML Entities/Tags in Text
8k0fv4z597zy,HTML Entities/Tags in Text
trhy6rqgaau0,HTML Entities/Tags in Text
3q82ww1a6in3,HTML Entities/Tags in Text
u9ii7vq1mdkc,HTML Entities/Tags in Text
mcn9z78v2rj4,HTML Entities/Tags in Text
ki6i0o5gtq9g,HTML Entities/Tags in Text
eotv732vt7yu,HTML Entities/Tags in Text
fkq5adijztd6,HTML Entities/Tags in Text
sx7yl03otz8i,HTML Entities/Tags in Text
p4hapx8o9dvn,HTML Entities/Tags in Text
v63aaytnq8y3,HTML Entities/Tags in Text
xou5wq0s66wl,HTML Entities/Tags in Text
rw9icycpg85v,HTML Entities/Tags in Text
4jzvrwbmybx1,HTML Entities/Tags in Text
f8c5i7qprtrq,HTML Entities/Tags in Text
gpbik8okulg7,HTML Entities/Tags in Text
u2ewxnoaieme,HTML Entities/Tags in Text
lbo368xvm6xj,HTML Entities/Tags in Text
c8dukn685mpo,HTML Entities/Tags in Text
ky5sfee2ox36,HTML Entities/Tags in Text
gmoeib832zbs,HTML Entities/Tags in Text
c2693xky6a0i,HTML Entities/Tags in Text
nd2v5qm8xsdx,HTML Entities/Tags in Text
1w1wrgzh4r6l,HTML Entities/Tags in Text
3dx6zmuw3j0j,HTML Entities/Tags in Text
tgamuiva5xss,HTML Entities/Tags in Text
d5cgea08m6ht,HTML Entities/Tags in Text
lwlmg8d4r2ek,HTML Entities/Tags in Text
y0w7r2gg61q7,HTML Entities/Tags in Text
y0wchrx7h0ah,HTML Entities/Tags in Text
fcdx4jijetw2,HTML Entities/Tags in Text
7njqo41vebro,HTML Entities/Tags in Text
24glcqp7b96u,HTML Entities/Tags in Text
e19t8klk4hlw,HTML Entities/Tags in Text
w928tw92ejr7,HTML Entities/Tags in Text
0n0d5n4tfm6g,HTML Entities/Tags in Text
qxbnwdjtbuj8,HTML Entities/Tags in Text
75pyl8202rpa,HTML Entities/Tags in Text
5l8ypulkqrob,HTML Entities/Tags in Text
kwr8pd47uopg,HTML Entities/Tags in Text
mr9s8u3vc3jb,HTML Entities/Tags in Text
yo753wj3d0lv,HTML Entities/Tags in Text
zijag9br2wlt,HTML Entities/Tags in Text
ma4u3jaj636n,HTML Entities/Tags in Text
94vw404s2bbd,HTML Entities/Tags in Text
cikakcyjj79o,HTML Entities/Tags in Text
yyj1tkok8zp0,HTML Entities/Tags in Text
wa49gbrd3rlv,HTML Entities/Tags in Text
dd9dtyam5t96,HTML Entities/Tags in Text
rsnc3khh0qtj,HTML Entities/Tags in Text
9fo9juyzynft,HTML Entities/Tags in Text
0jw79sqhvcc3,HTML Entities/Tags in Text
km76ziroklfv,HTML Entities/Tags in Text
qb22i5hs2rhu,HTML Entities/Tags in Text
s33ys8wx0xx6,HTML Entities/Tags in Text
zscwrepioaef,HTML Entities/Tags in Text
2uhe60e5ihux,HTML Entities/Tags in Text
i3aev4al22n2,HTML Entities/Tags in Text
k4h9hkpjwejx,HTML Entities/Tags in Text
mfyb3mh7cyvt,HTML Entities/Tags in Text
qoem0l8fmwy5,HTML Entities/Tags in Text
9zdcuea8khd6,HTML Entities/Tags in Text
y9y9ypwa5gcs,HTML Entities/Tags in Text
cvysnuw6kz2w,HTML Entities/Tags in Text
jc9uqdwj41h2,HTML Entities/Tags in Text
z76rf3azcimi,HTML Entities/Tags in Text
dfblc8222o34,HTML Entities/Tags in Text
9b3ura8fha46,HTML Entities/Tags in Text
3fcv0g6be5cz,HTML Entities/Tags in Text
mkpje4c7j4ky,HTML Entities/Tags in Text
b47i6dzskule,HTML Entities/Tags in Text
v2vzviv3cpcq,HTML Entities/Tags in Text
6jjlpdlaw22d,HTML Entities/Tags in Text
ba8y5qdqw6xj,HTML Entities/Tags in Text
e4ronbwyhez1,HTML Entities/Tags in Text
rmipni0l7isu,HTML Entities/Tags in Text
4qqj8byiuobx,HTML Entities/Tags in Text
ta61gi1kypa3,HTML Entities/Tags in Text
akhdfd8sk5cj,HTML Entities/Tags in Text
c0qd4o3nh9c8,HTML Entities/Tags in Text
63s6psi3dyif,HTML Entities/Tags in Text
pnhahouhb973,HTML Entities/Tags in Text
pu63szgliwfm,HTML Entities/Tags in Text
vj5ugibe1wij,HTML Entities/Tags in Text
r845dshjrtgk,HTML Entities/Tags in Text
lv4youtjuzo0,HTML Entities/Tags in Text
daom9bjsn2ef,HTML Entities/Tags in Text
2ouysca2gkhh,HTML Entities/Tags in Text
5zugcokeailk,HTML Entities/Tags in Text
0x8w7br3q0a4,HTML Entities/Tags in Text
v7a3725jwss2,HTML Entities/Tags in Text
yry0lvohvo08,HTML Entities/Tags in Text
d6mvozixy4t3,HTML Entities/Tags in Text
11bxg86nh6yx,HTML Entities/Tags in Text
344jqgt39iso,HTML Entities/Tags in Text
1nchqk94kcg4,HTML Entities/Tags in Text
2itvr7s90wap,HTML Entities/Tags in Text
0p04tm5cy39q,HTML Entities/Tags in Text
hyltbneepnz5,HTML Entities/Tags in Text
b2tjpytgwdxr,HTML Entities/Tags in Text
5wc0nhpf0i4f,HTML Entities/Tags in Text
7wb8ellw85ws,HTML Entities/Tags in Text
3o3cmknutky1,HTML Entities/Tags in Text
t55it5wgkdcc,HTML Entities/Tags in Text
1ho31ys2w86y,HTML Entities/Tags in Text
3307hb8y65bz,HTML Entities/Tags in Text
aaychghnephh,HTML Entities/Tags in Text
nlpc8ozpkd3u,HTML Entities/Tags in Text
gobbg9t7c0ht,HTML Entities/Tags in Text
dvcb7ajpj2f2,HTML Entities/Tags in Text
ab4zrer5qvdi,HTML Entities/Tags in Text
k9sfpzx7g2ht,HTML Entities/Tags in Text
3i40v6n6uva4,HTML Entities/Tags in Text
eg5p8vwbnraj,HTML Entities/Tags in Text
4lx8huj1qkva,HTML Entities/Tags in Text
z0cypfa0zecj,HTML Entities/Tags in Text
6up9n0p0mp61,HTML Entities/Tags in Text
d8j548m4j9as,HTML Entities/Tags in Text
5wmo64g2t6ai,HTML Entities/Tags in Text
5uz0pc2iqd16,HTML Entities/Tags in Text
2tumb49pe394,HTML Entities/Tags in Text
m5bntr28eqi8,HTML Entities/Tags in Text
i519tbrkvnsz,HTML Entities/Tags in Text
3q11d1uzhg2g,HTML Entities/Tags in Text
p5vwldrd0pzo,HTML Entities/Tags in Text
70qa9ft4srvr,HTML Entities/Tags in Text
mz4gqk6quxjs,HTML Entities/Tags in Text
beuw37epb8ry,HTML Entities/Tags in Text
7tj8bp1z0msu,HTML Entities/Tags in Text
h2pwjj4234re,HTML Entities/Tags in Text
vu3219ax5jht,HTML Entities/Tags in Text
jkyqnbuus957,HTML Entities/Tags in Text
ti5nw1p7434b,HTML Entities/Tags in Text
3gvfbf03iz4w,HTML Entities/Tags in Text
o2dyzjqtcj5t,HTML Entities/Tags in Text
jx6gu2sohc4j,HTML Entities/Tags in Text
53f742iwptmq,HTML Entities/Tags in Text
mj19exlu9hxe,HTML Entities/Tags in Text
cvno488chg8w,HTML Entities/Tags in Text
vlopxs4ooevx,HTML Entities/Tags in Text
ywxcm3jogrqr,HTML Entities/Tags in Text
z5916abmp4c1,HTML Entities/Tags in Text
1a141x0mz17c,HTML Entities/Tags in Text
ruhyn4ug1i5n,HTML Entities/Tags in Text
1r6z2foihmh3,HTML Entities/Tags in Text
z4oyvl8gkokf,HTML Entities/Tags in Text
pxfsng862y9s,HTML Entities/Tags in Text
qseghojyd8qp,HTML Entities/Tags in Text
fo5pssav8srf,HTML Entities/Tags in Text
rampluokr722,HTML Entities/Tags in Text
10motsn7b74c,HTML Entities/Tags in Text
n9fsjh6jngo2,HTML Entities/Tags in Text
m7bcrwqitf69,HTML Entities/Tags in Text
dvvhg8eel45x,Missing Platform
f85c8vm8ac8l,Missing Platform
cvdgyqy7xoq6,Missing Platform
cpiun4hvwfns,Missing Platform
i6io9jo0vpxa,Missing Platform
d25e0a89eti4,Missing Platform
sqdh2jbaeloe,Missing Platform
juovcq3m427s,Missing Platform
ym0fk6gqthz3,Missing Platform
df1al5tr1oca,Missing Platform
2r1k9opcv2z7,Missing Platform
5gyyfd2wv95z,Missing Platform
w0lnzrqoiyej,Missing Platform
59gdx6c1r4pz,Missing Platform
gqndmf8vvpb2,Missing Platform
zg7a98dozipg,Missing Platform
l8jdu7zmt65h,Missing Platform
3u65pggx1zxm,Missing Platform
mvcesgjn0bv0,Missing Platform
mer6ctvgxkzy,Missing Platform
961sifuy401g,Missing Platform
wk5f8k4gkyeb,Missing Platform
oovud9t4bxcp,Missing Platform
h9wnssg94hhf,Missing Platform
kz3gmtrvjl4i,Missing Platform
mc6exlzsj7dz,Missing Platform
escfm1omn8es,Missing Platform
1w96dq651v1h,Missing Platform
4z2uzz9pexzv,Missing Platform
2l2hesmb61xy,Missing Platform
oexkza5anv1n,Missing Platform
gnfocz2o4mv6,Missing Platform
phz0wgtewqi7,Missing Platform
enqii6idx8zl,Missing Platform
ke676kwztzs9,Missing Platform
kghue9ne3fcl,Missing Platform
0ok562z9a36b,Missing Platform
wytjf8bhjz38,Missing Platform
htj45v6dmj8o,Missing Platform
7q51tc5f53sh,Missing Platform
7vlve5nu7ek0,Missing Platform
gsr3alvwd430,Missing Platform
pv1pz5zh3tgt,Missing Platform
8fkz26os6su0,Missing Platform
cxgftm5qkreu,Missing Platform
ko5crpz7qchf,Missing Platform
6iz8cb2ibleo,Missing Platform
8uvy1dglfu48,Missing Platform
yrxk6kvq2gur,Missing Platform
3o0am38n8vo0,Missing Platform
jg8aejbhyh90,Missing Platform
s05fnon7554z,Missing Platform
5h8a3zujxp7f,Missing Platform
qrj52gdk494f,Missing Platform
wvlcbzrksoc5,Missing Platform
j2bfqmf6a5bq,Missing Platform
n407n4bn6vxe,Missing Platform
gv9l51x728vz,Missing Platform
k3zfrvsrgnob,Missing Platform
qvzpwa2s46rm,Missing Platform
30wj8mbcii13,Missing Platform
sxoex5wm3zyt,Missing Platform
55q65j9vyxy9,Missing Platform
63sdkmpo3ryf,Missing Platform
eoxw7kqtx5u5,Missing Platform
6wdcn628kv5w,Missing Platform
5mj6g7ue3ij3,Missing Platform
397aggyfmeev,Missing Platform
mdzfurcab19s,Missing Platform
x8zear385gwo,Missing Platform
huft9i28xe11,Missing Platform
kuple4zq9hmo,Missing Platform
18872bs3czdy,Missing Platform
y9sxdzzy3d65,Missing Platform
0h2hc2qp5k82,Missing Platform
bby2opp02lrz,Missing Platform
sgaicg4gu0lk,Missing Platform
0owk6ssjqysh,Missing Platform
ubmy5b0f0rtl,Missing Platform
h2jx7kw15hmd,Missing Platform
d986cb6i0fvj,Missing Platform
mauhepejqmu6,Missing Platform
by16fmxaedom,Missing Platform
5lt9m4tz7xsg,Missing Platform
917x25gy5htf,Missing Platform
z1kpe0fru9qt,Missing Platform
qb7wc4cjq7yn,Missing Platform
fjz30ay75ak4,Missing Platform
0z9j5k9abfyv,Missing Platform
14xo0dtmn3nv,Missing Platform
7se1q57p4ne8,Missing Platform
t4e0fv8qmu9q,Missing Platform
2ljlmyjy0nhs,Missing Platform
7mdio8gseicl,Missing Platform
5jlw9elngxzy,Missing Platform
9z8byjenxzqd,Missing Platform
5xs68y1ulc4m,Missing Platform
3xiwpnbedqzj,Missing Platform
byjqu2bwnucd,Missing Platform
pv71esbjz6y1,Missing Platform
vk39i8iygz7k,Missing Platform
iiuifappcf9e,Missing Platform
gsk883cd7q3s,Missing Platform
tdzs3ohhtrel,Missing Platform
ef1ybwqvshw6,Missing Platform
ntvu8c2xyicr,Missing Platform
tphoq243zyor,Missing Platform
xwgsx4s2t0wg,Missing Platform
rcmyny87jjcm,Missing Platform
8c8lquvwse8a,Missing Platform
zh9ujdmpfuay,Missing Platform
svs2ixtosada,Missing Platform
4hkd58vtik46,Missing Platform
56bef7etr3ea,Missing Platform
1v03bvenbvqp,Missing Platform
pr971ewbjj7g,Missing Platform
42ds12peny0o,Missing Platform
ajqfmxrwaidw,Missing Platform
3kr68goatk41,Missing Platform
13pjw83a0ugr,Missing Platform
kt4oo84vmu7g,Missing Platform
bj9qoky0octr,Missing Platform
9zzqatixbgad,Missing Platform
rid26vskemw3,Missing Platform
hx8rkoyif408,Missing Platform
yxj8nkeb3h2n,Missing Platform
ry2bxcyfupyg,Missing Platform
88t05w0blr6i,Missing Platform
uuebwd25aaak,Missing Platform
44ml5i8564nm,Missing Platform
3zhkriqhdcqj,Missing Platform
lr4wpeey3m6g,Missing Platform
g076gm6luqnz,Missing Platform
l6wy3l882fgr,Missing Platform
vzc54uhb2k20,Missing Platform
v6kku43xlge7,Missing Platform
413z22vmqfib,Missing Platform
aamdwe5tbq9s,Missing Platform
t546wl31j3w5,Missing Platform
js8t62klwh5l,Missing Platform
yqu47d2r1n0u,Missing Platform
okwcadb9rn1t,Missing Platform
qxcmw1z01gs1,Missing Platform
vohypo4m3lpn,Missing Platform
e5hrb6ylshcq,Missing Platform
hkiltrk85zmr,Missing Platform
dsoioy5gr64p,Missing Platform
20omjjxzsl2z,Missing Platform
ljtk8ugrqaiu,Missing Platform
md1ai5sbzvzz,Missing Platform
gik1sp9bpy0w,Missing Platform
gpc6c49zbth2,Missing Platform
o6brjujfjozq,Missing Platform
g7zl7uymf4km,Missing Platform
zhe1iftcorrf,Missing Platform
p0d5s4vlxsn8,Missing Platform
i4c0jx4ldvut,Missing Platform
kmewvdgx3vic,Missing Platform
t5sy6732n74k,Missing Platform
v3q8wgq6f29o,Missing Platform
ol3z0wfsybcz,Missing Platform
szzptxw4yuoj,Missing Platform
u7remlbfggvw,Missing Platform
c25i8laqpysk,Missing Platform
a0yrta9cli6a,Missing Platform
48v310oszqgu,Missing Platform
95kb7hl71j09,Missing Platform
fuv6400siaox,Missing Platform
fj99pxtrgy50,Missing Platform
lj8596uo760x,Missing Platform
1a0bxyarltwo,Missing Platform
2hq5adsyakzy,Missing Platform
taxxdsakmjkq,Missing Platform
30fyoqziuxzx,Missing Platform
6m2dp6jc1z34,Missing Platform
5uuyffsg5qh6,Missing Platform
ls5vea5ts9h1,Missing Platform
3c8dsiy5b95f,Missing Platform
srgqmkrxnxy8,Missing Platform
engl1fho02gg,Missing Platform
19pvgp6ymvh6,Missing Platform
gj6ekb3vubvz,Missing Platform
r3cohnanktti,Missing Platform
wur6sspvkcgg,Missing Platform
yvl4enzpb5p8,Missing Platform
42jl4wcora4t,Missing Platform
keeazf4jk479,Missing Platform
0djh1ag0yd4x,Missing Platform
lpuulsiqgutd,Missing Platform
jobujbi5ixk5,Missing Platform
ikole96k6nwt,Missing Platform
ri51pkmcywxu,Missing Platform
co5n8twja0z5,Missing Platform
nmtcn5yhzkzh,Missing Platform
a4zi2pw2ohkp,Missing Platform
sj7m2ufvugcz,Missing Platform
ji241kzuedf0,Missing Platform
du29jb15xifh,Missing Platform
1rmf913ijvt3,Missing Platform
w7a49xwt7zku,Missing Platform
g32yto8u945l,Missing Platform
0rspdfg9m3yz,Missing Platform
hcyzg704xkfo,Missing Platform
7et24eob58bd,Missing Platform
8cfll9mx896c,Missing Platform
9dpdw0smklln,Missing Platform
0m0mgo628omz,Missing Platform
em1t3hytwss1,Missing Platform
ixfojkp2spfw,Missing Platform
04lyafr1bzjy,Missing Platform
fef8a0tnf47o,Missing Platform
qpt468ueirpl,Missing Platform
nxd4bfaz7y3u,Missing Platform
ak92g036er5t,Missing Platform
gn4qb6r31gzh,Missing Platform
wrskfgip4c01,Missing Platform
redtr3ey960n,Missing Platform
ke676kwztzs9,Missing Platform
v3q8wgq6f29o,Missing Platform
vxz26k3zkg8v,Missing Platform
w69p02q8jff4,Missing Platform
axwc8fwcu1td,Missing Platform
ybid94xk2woe,Missing Platform
eucxtgoctllo,Missing Platform
1ieeogsmkro2,Missing Platform
yb3snl9fluiq,Missing Platform
h8n0ss8sdmg6,Missing Platform
jtt6zptpo4fw,Missing Platform
tm3znzxxq0t4,Missing Platform
0wzbkf9lu0ro,Missing Platform
i25ji9d4q36b,Missing Platform
8fg67efhpfgl,Missing Platform
8epkplma7p1h,Missing Platform
t3b061a2dfib,Missing Platform
t4e0fv8qmu9q,Missing Platform
k965xo7h0qgm,Missing Platform
syz5b5yrm3qr,Missing Platform
18872bs3czdy,Missing Platform
bm3vfi7rzdab,Missing Platform
9c9qyl9kee04,Missing Platform
511rvqkkibo9,Missing Platform
jnewt06rwfle,Missing Platform
j359nijmeqik,Missing Platform
1z3fnq6kz2ay,Missing Platform
erqttry2y65u,Missing Platform
q8yieqyyunhw,Missing Platform
z8xusqubms0u,Missing Platform
a6v8q7y8bvov,Missing Platform
us37n3cvhh2t,Missing Platform
kj0rwftppvhl,Missing Platform
eehtm8js1u48,Missing Platform
9xtvyesshnml,Missing Platform
hvoz98idtrmh,Missing Platform
3joqyp08fre9,Missing Platform
hg8fwmaq9wyq,Missing Platform
mugcs4ubozyk,Missing Platform
wea190iuml27,Missing Platform
dj7p4trj81g2,Missing Platform
szlour3iobbm,Missing Platform
irviqiqf2hfs,Missing Platform
7nnr1c2emz6s,Missing Platform
4ra9baarjbon,Missing Platform
egj36j785jt4,Missing Platform
88pd43ne1vqv,Missing Platform
poma5o15ceyw,Missing Platform
zpjqi88cjczf,Missing Platform
atrqtxu3v9e5,Missing Platform
nc6bl7perunv,Missing Platform
v5g9iu1en1cd,Missing Platform
jzz24zmhqzhc,Missing Platform
yob2ldluey5d,Missing Platform
byykec42v3md,Missing Platform
dnxunwyic7nq,Missing Platform
mejucegvpmtt,Missing Platform
pss2puig0bja,Missing Platform
ycjgdbhjvq7r,Missing Platform
icpv9jjtze8r,Missing Platform
tpuusc68kxpl,Missing Platform
3oiwp13ucdhd,Missing Platform
fcbuxw06nm0f,Missing Platform
eubrdo7uvqb4,Missing Platform
efajye0c29uj,Missing Platform
yadnvekq9jb6,Missing Platform
d329ijfem35z,Missing Platform
oqqmaq0p64ja,Missing Platform
7tnpg7idac6q,Missing Platform
ep26rdign29d,Missing Platform
e0zmebxop4ql,Missing Platform
dmpe38bv4dzn,Missing Platform
21kqojz5m1t6,Missing Platform
p2xwipv5uw0q,Missing Platform
vj9s18feqgh9,Missing Platform
i4scqjc88fl9,Missing Platform
9l8nm5el92zb,Missing Platform
iul7p7n8sgmr,Missing Platform
mqgbi3e64kx6,Missing Platform
dyfqkv3a9etr,Missing Platform
ze5z9b96lqhy,Missing Platform
r098jw0vt6uf,Missing Platform
ewhsvxamo64e,Missing Platform
lowqrf8hfa73,Missing Platform
5spak0jdv9rp,Missing Platform
k88rll1sx5o7,Missing Platform
4vkwfh2ttf5h,Missing Platform
9yhrtc9ut1ak,Missing Platform
y1w6x085rolk,Missing Platform
4l24gsswmxyr,Missing Platform
m1czrbs160qp,Missing Platform
yx9lamjxql9e,Missing Platform
bp7zrvk3n6u6,Missing Platform
nqre6goynwp6,Missing Platform
hixa504m1ofa,Missing Platform
cyrc86tgms4s,Missing Platform
pir1i4acnx5j,Missing Platform
jewzroiink9r,Missing Platform
xqb0fbvco74j,Missing Platform
m7xir2ayfh7g,Missing Platform
fba93yg4bkzg,Missing Platform
190ura862gec,Missing Platform
1fy39nyxgo85,Missing Platform
p1ynq022ts6x,Missing Platform
8d229k99ejhx,Missing Platform
4qi76dhzz4nq,Missing Platform
bq5w3kb26coo,Missing Platform
mtn3iarpai0m,Missing Platform
vfwbian66kv9,Missing Platform
ed1iychqei74,Missing Platform
7fzjmcdditzd,Missing Platform
3yauj5k3lfek,Missing Platform
tncd9fh0z0fo,Missing Platform
q82eyjuwdlgc,Missing Platform
22su9i3zvw9g,Missing Platform
c7zpcek2jyxk,Missing Platform
r18tc1k4niyz,Missing Platform
g87la7t4kfjv,Missing Platform
y18tybgv7j60,Missing Platform
rmobdbpdfus5,Missing Platform
ygyortoi5sr7,Missing Platform
qkjpx3dc2s5r,Missing Platform
69lh0vkix739,Missing Platform
txrl1pxj4t8z,Missing Platform
vx5ckp0c0qrn,Missing Platform
bj0bn34wuy89,Missing Platform
nn3yh6guiymi,Missing Platform
w3qgrtb6laa5,Missing Platform
q6jwsqr6vh6b,Missing Platform
x971rot1xj9d,Missing Platform
m5j4143oq19s,Missing Platform
k1gt5ny1aguj,Missing Platform
ywgx8n0ctcj4,Missing Platform
ieniggbsmxos,Missing Platform
cvgl5tqvwrwd,Missing Platform
zj0hpdbwtd7d,Missing Platform
dz3z68rblcx5,Missing Platform
crsat2o9rbk2,Missing Platform
d2q8bza45i41,Missing Platform
s83oc4a76l8f,Missing Platform
4qbh4g9yxikc,Missing Platform
fn3olyrr5wkr,Missing Platform
0vz32q8wjxwt,Missing Platform
xy7vu05ogw4r,Missing Platform
66ka232rv3fs,Missing Platform
2ljlmyjy0nhs,Missing Platform
tq53f6p69yz0,Missing Platform
1bhwhw2psjzu,Missing Platform
he2w18zwoej5,Missing Platform
m3ho25c4ujvp,Missing Platform
xzn6ch7jt15i,Missing Platform
w0ylz91eg6kh,Missing Platform
m2nxt23bblvl,Missing Platform
3rig3bdckr8y,Missing Platform
poq6v7dagzd0,Missing Platform
dvzi7zb2ko3o,Missing Platform
a0k6vkss4ga9,Missing Platform
vhj642i510wt,Missing Platform
uppnvrkhgi2b,Missing Platform
sx5nsofri7jv,Missing Platform
spg89foabdp6,Missing Platform
scw0z2ujw2fx,Missing Platform
74qh75n3d045,Missing Platform
ojd7l8lzxino,Missing Platform
7cjg4paw7tay,Missing Platform
mn4io9qhg2us,Missing Platform
nkwv9018xen5,Missing Platform
a66602egyiba,Missing Platform
n9nyjlxbn8mh,Missing Platform
ewk98qgbb6fr,Missing Platform
l319vb2uhef8,Missing Platform
kjtprspp0x19,Missing Platform
ys6g3tas7erw,Missing Platform
9swwbkvaj8bm,Missing Platform
y5ynobwtcnri,Missing Platform
nge624ct1s1u,Missing Platform
dga3lfzfs420,Missing Platform
ctfy2wab1ava,Missing Platform
siufyqacvg9i,Missing Platform
9re3qqjsh0rq,Missing Platform
f8rectmdbdhh,Missing Platform
9nz4awj383wi,Missing Platform
vkfwx6pg49yt,Missing Platform
y3zb6siz163a,Missing Platform
xj8vwztij138,Missing Platform
zhxpi78d3lge,Missing Platform
gsfbek8t2h22,Missing Platform
xgua1a2v1l7a,Missing Platform
w81cpmxto0zz,Missing Platform
1v03bvenbvqp,Missing Platform
wc4e3fwyh17n,Missing Platform
s8s59i62306b,Missing Platform
ayazfxcnkmye,Missing Platform
zv2sgoqrbq38,Missing Platform
ybjr3ntotzkn,Missing Platform
ybngfusyn8w8,Missing Platform
tukzfvp7eddb,Missing Platform
b4l6qlyoim03,Missing Platform
mqmmz95ljy52,Missing Platform
mdy34rb9e582,Missing Platform
9wixpw2vk03t,Missing Platform
541mq8z61732,Missing Platform
yfxgw2svinxw,Missing Platform
7nnawm32gf1k,Missing Platform
djqcfqtjlca5,Missing Platform
x3hb4oloien8,Missing Platform
2l4ojplzk5zf,Missing Platform
jucjh7a1jqbx,Missing Platform
v11ga78hqwxe,Missing Platform
9eb9mf2cn8ru,Missing Platform
tpjgzovs26mr,Missing Platform
a3j3ry8fxk2u,Missing Platform
grdmizobipat,Missing Platform
h8pqppufthxk,Missing Platform
g3k4cbz2p0nz,Missing Platform
w8ibp7bacvrp,Missing Platform
o6kg5rfo2obw,Missing Platform
7em0iudeaqeu,Missing Platform
qeggyan935ru,Missing Platform
rox9aclkjyju,Missing Platform
bu0xgvid76ff,Missing Platform
19p0gjkq8et9,Missing Platform
qjn495dia87q,Missing Platform
6w4j5hrqky9n,Missing Platform
i0gmas0caqtv,Missing Platform
v9js0asy1jhm,Missing Platform
yy03hii3frnp,Missing Platform
gx4pg9ufw0je,Missing Platform
vr5a59dyvrgg,Missing Platform
ean6ptda6bqj,Missing Platform
x4nt02ldxyra,Missing Platform
kh1dggc7y335,Missing Platform
eaqpjf1pbxru,Missing Platform
0o7hdn5x3ule,Missing Platform
9ryzlaqtyuvz,Missing Platform
xxyvzz2tcl3j,Missing Platform
dpr6ltcz6a5c,Missing Platform
basamwm5ndot,Missing Platform
k1nkm9xpcmi9,Missing Platform
6e8ew840sg21,Missing Platform
7v5a8zyj4gw5,Missing Platform
hjz01huo1dis,Missing Platform
jc9sjppi1lgt,Missing Platform
mevlvf2n6d1s,Missing Platform
wog3zje2cb6y,Missing Platform
a266nttnpiqv,Missing Platform
fqz1yrf0hh1l,Missing Platform
s0e8b9n6ll44,Missing Platform
k0o3rbmwfvbh,Missing Platform
x569fr096ebp,Missing Platform
fbh9wqs7mk7a,Missing Platform
e1blp26770lv,Missing Platform
no1odwdb0tcq,Missing Platform
1x1v3zfe47tu,Missing Platform
0r1b4gxr5a6d,Missing Platform
iwxw315k03q7,Missing Platform
xamg9s78te8e,Missing Platform
byiu2yp07ic0,Missing Platform
pforpz3keyru,Missing Platform
uzrds4y863zr,Missing Platform
uwwcm3nze93r,Missing Platform
h1k7f1u1mpj8,Missing Platform
cewhi0wpxzfv,Missing Platform
oobfmf6n6rxg,Missing Platform
9n94r8agyy0d,Missing Platform
x6efv083hjcm,Missing Platform
qtwcmpaac8pk,Missing Platform
4pqwxpr3i7uj,Missing Platform
nvie36k2lzvh,Missing Platform
i3g92wvhsttb,Missing Platform
aalj61hjnpb4,Missing Platform
2pn1t0ltxvfm,Missing Platform
dfp7glf0hce2,Missing Platform
jh9kq77u0wpn,Missing Platform
twjomfpttspi,Missing Platform
zd9vxufd8hsh,Missing Platform
jilpqklr0sid,Missing Platform
dj4qvmb3ha81,Missing Platform
7n5e3v55mdkl,Missing Platform
05010lpap9rk,Missing Platform
djto0gfdooij,Missing Platform
z4cqj6i82h2l,Missing Platform
8zi5g963i7hz,Missing Platform
ziiuz6x0yvdb,Missing Platform
jk9xnsm8k8xr,Missing Platform
x4yqzxqvclr7,Missing Platform
bm9p1aq773w9,Missing Platform
iiuuzrxin001,Missing Platform
ml60v02b1rqt,Missing Platform
aa9revgvntil,Missing Platform
i7pyrsevydp1,Missing Platform
i0zidbonyazd,Missing Platform
0p5i4p9w3ref,Missing Platform
91xsv1ngtw3r,Missing Platform
p9jz9jk2t4a8,Missing Platform
9rqq3wgi3gcz,Missing Platform
d4uzmfsahl2k,Missing Platform
oz4fq2ptuw9y,Missing Platform
tnt22w03qbtd,Missing Platform
eoxbkb9jsis9,Missing Platform
mb6oluyvd76j,Missing Platform
fo2f6rmv6efl,Missing Platform
a6c0en9ld8b4,Missing Platform
pw196mkhde8b,Missing Platform
03ffwdqbuae1,Missing Platform
6m70wvf0f8th,Missing Platform
46kpvww72dvk,Missing Platform
vqlvpc1nfokb,Missing Platform
g4zeq9bcz9dn,Missing Platform
512dzlddbkzc,Missing Platform
7knoick0lc74,Missing Platform
bgwli17gehh9,Missing Platform
i8oyz6dfrbg7,Missing Platform
z8yjdic3ywy6,Missing Platform
db1vglvt9gzj,Missing Platform
vb88367jwoqs,Missing Platform
dmo93h5ygjtl,Missing Platform
9u5mw5upsa57,Missing Platform
rhjq4y11awy2,Missing Platform
57xhqqd7dxx9,Missing Platform
6ez1e2rn4pdv,Missing Platform
7yhfgg2vfpiz,Missing Platform
wimevigydn0s,Missing Platform
siw02w0ffyzg,Missing Platform
3cvalmgsod6n,Missing Platform
zqualwmrsj04,Missing Platform
rc5xczuywudl,Missing Platform
9mgzo2r5ch96,Missing Platform
kjy9le5tcgou,Missing Platform
xo06efdfz85k,Missing Platform
xpxufrm2jf5v,Missing Platform
oz43gvjauavu,Missing Platform
xyjb6y14a71p,Missing Platform
rnujq1f11by6,Missing Platform
lgt7vykh7ny7,Missing Platform
nt9mrwfa0ow6,Missing Platform
3qu67qn8p30m,Missing Platform
am1iopidevlh,Missing Platform
i89nrq91nql6,Missing Platform
0vxfsy7jygx1,Missing Platform
wxr05mnrrcub,Missing Platform
2wmnt9v846k2,Missing Platform
kfolbh8i7p60,Missing Platform
h936p6bd9e3t,Missing Platform
hac3cx11yc0t,Missing Platform
ruscqjlb9012,Missing Platform
pvjbtronhwpg,Missing Platform
iiicuf3wwyo8,Missing Platform
pdy7yullejdv,Missing Platform
a3fgf9sspuqk,Missing Platform
k9i9shg1frft,Missing Platform
p04fznf7u4x6,Missing Platform
phtxj1hjx01u,Missing Platform
m1rha3ur5ui0,Missing Platform
53nh4viieeua,Missing Platform
0wsmk0f2o5hs,Missing Platform
q2lbbs154cao,Missing Platform
u0paxr77jh7h,Missing Platform
ic35r8yxlqtc,Missing Platform
uhptl0yy5gug,Missing Platform
gw1dbqibb3re,Missing Platform
5bk5rvrjousy,Missing Platform
ogtii3qy6p6j,Missing Platform
yc0a46kib2r1,Missing Platform
xlkmzbljhqvs,Missing Platform
jq4ju039dgg5,Missing Platform
xoqwxnm0e73p,Missing Platform
5dmiset4qyg2,Missing Platform
7biee8ep56ar,Missing Platform
jrkud1175n2u,Missing Platform
xix31dtvbkcb,Missing Platform
k5l67uj9wv2t,Missing Platform
c9dkiomowakt,Missing Platform
gcodivkoikn5,Missing Platform
cezje7rfcr6p,Missing Platform
fd8hopgjtbvk,Missing Platform
790nznd4x9a9,Missing Platform
yywmw4i8o2z1,Missing Platform
7x19n6ejr0hi,Missing Platform
hctzwk7oqmno,Missing Platform
z4r0dp99szmq,Missing Platform
vrj3fvq4d02h,Missing Platform
w0n8glbenph8,Missing Platform
n6p0hw7i398i,Missing Platform
cswc3qbwyvw3,Missing Platform
zn39kvl079d0,Missing Platform
dg6x4eq64g95,Missing Platform
u8lrenhqr0wt,Missing Platform
tdyjx7psd2ym,Missing Platform
l8xy47is26t9,Missing Platform
hsmljc6api30,Missing Platform
jc1kfdu4vs3l,Missing Platform
z5vjr6sbyuw7,Missing Platform
69vgqpp7p1f6,Missing Platform
joysx6gzuuow,Missing Platform
jh0ulzu7zyg6,Missing Platform
kqiaysltnmdi,Missing Platform
9097vtd87243,Missing Platform
siphkwsn56v9,Missing Platform
ewchfk15b7gs,Missing Platform
zsm3opyoyts4,Missing Platform
ar3fce82qo7l,Missing Platform
sr3aufja7ki5,Missing Platform
atr8p7jhaqek,Missing Platform
2ioy6gi9l201,Missing Platform
jbprh7xji9s8,Missing Platform
dmy69t8rzcuy,Missing Platform
8le11tlvazp2,Missing Platform
txdd818y1ufb,Missing Platform
3tzpgovvck9l,Missing Platform
6tbe8fqqehky,Missing Platform
vkh8svtrdczm,Missing Platform
k1c1pftxoaqf,Missing Platform
304sud6mg8d5,Missing Platform
vfpwow7b3no7,Missing Platform
fem746d05tuh,Missing Platform
vyx1zep5do32,Missing Platform
dqqgbmxpfqan,Missing Platform
skxohy0bnk32,Missing Platform
iw3u7rhng9er,Missing Platform
n4mkpprfawhg,Missing Platform
a5b7dxwfr5pd,Missing Platform
yblgwf7uo75r,Missing Platform
scmvgw2blds9,Missing Platform
jxzcippps67v,Missing Platform
qxi2pjkq351s,Missing Platform
drx7kgxdg9qr,Missing Platform
4hzj35gri17r,Missing Platform
od8l3vrc5yst,Missing Platform
oogcjvsymhr2,Missing Platform
9njp9kiv2ayj,Missing Platform
y8ewziq50n4x,Missing Platform
oqecb6aeyr8t,Missing Platform
fxtgqergvwi3,Missing Platform
h7nreysym21m,Missing Platform
5rg0v5ibwmkt,Missing Platform
d0qbz85w9uk4,Missing Platform
16jmy59cctnk,Missing Platform
gkdl7gns0qsf,Missing Platform
eihpaa8zx698,Missing Platform
zhk97q1jzbw8,Missing Platform
qiwuozeksc9k,Missing Platform
gm79lu2b8jwx,Missing Platform
9al5cwmo1gd1,Missing Platform
fff1493qm381,Missing Platform
27rlmr84z754,Missing Platform
bu89fmp5rv7l,Missing Platform
rdw4577dg5dh,Missing Platform
24tfq1ln59b4,Missing Platform
noemdl04bsnw,Missing Platform
6j33olshbk7o,Missing Platform
ofqg6zaeokw5,Missing Platform
p03ag3vwz3y5,Missing Platform
as3tomk2qw9x,Missing Platform
qqfqhv53i9mg,Missing Platform
b0v910an3yeq,Missing Platform
3zksd41io34u,Missing Platform
yekxc6xoqdnu,Missing Platform
c4c6v4chla4t,Missing Platform
5xgczpiyh58e,Missing Platform
876isk7l0ldy,Missing Platform
utufcgon5clx,Missing Platform
eb5nh0yvfh6l,Missing Platform
33kwxwoj58ti,Missing Platform
9b3g1qjz45tw,Missing Platform
m585of9ehm9u,Missing Platform
6anv6y8i0jiq,Missing Platform
bcl95f65wwva,Missing Platform
pdtopcdr70ij,Missing Platform
tzwgqh4q91ij,Missing Platform
8xud4shfxofu,Missing Platform
5lhx5lw2uuzz,Missing Platform
o21lye8zo8r9,Missing Platform
ij0oc5ee72rl,Missing Platform
p2axjoywanwh,Missing Platform
wea190iuml27,Missing Platform
5ku75r67i4vo,Missing Platform
69lh0vkix739,Missing Platform
txk2og0f4jev,Missing Platform
rxk54fd423cf,Missing Platform
m9cyqwtqhhgq,Missing Platform
nu4uilhkkmyn,Missing Platform
1r92naqwn5by,Missing Platform
04iwf2vu1gfy,Missing Platform
vstdgi7w3585,Missing Platform
ntkvxny4ft8m,Missing Platform
gy4w1ac789n8,Missing Platform
c25ckjdleb4m,Missing Platform
585jzfakb82r,Missing Platform
l7w4d74q201j,Missing Platform
g619liwitt9w,Missing Platform
plu20sdysg82,Missing Platform
5qmuz0c62val,Missing Platform
fpnimdjckuso,Missing Platform
38zb8aksa2n8,Missing Platform
jj76jtdicas8,Missing Platform
cyk0o4ufsuip,Missing Platform
8r4xzec9s5wf,Missing Platform
18872bs3czdy,Missing Platform
byt3f9xu6rrp,Missing Platform
bd2cmz137y5t,Missing Platform
yx0lmism51w0,Missing Platform
f5rsjewcpkx6,Missing Platform
k0z613uxh8be,Missing Platform
gw6fk63zagud,Missing Platform
6h17gjh0s5h0,Missing Platform
cz0a6524rl2a,Missing Platform
kzuhdgb7xama,Missing Platform
qtwwn79nzzgc,Missing Platform
qu4qtcqvoh85,Missing Platform
467eno5bzydv,Missing Platform
sjv1fkkjr8e1,Missing Platform
7saevlm1esvc,Missing Platform
gjyy9g9misyf,Missing Platform
fxxwdct025lv,Missing Platform
pgupzq62fqtp,Missing Platform
qezv7297dw4p,Missing Platform
bytjww6x7k94,Missing Platform
l6qcjket90yr,Missing Platform
xydcxo3hvqn4,Missing Platform
aljgbc7825st,Missing Platform
mp11jwv32fek,Missing Platform
dabgm6c6n8ih,Missing Platform
kp18v8gjh4yc,Missing Platform
78tuv23cji0g,Missing Platform
il1rwr3wo9uw,Missing Platform
u81n8t3ihhvm,Missing Platform
1ic66vwrxvjh,Missing Platform
32q4ifoj5p7b,Missing Platform
unwpsq82mvm2,Missing Platform
dchhicsidc6z,Missing Platform
tju0gaqezoys,Missing Platform
e4jzd7y10ott,Missing Platform
n7sumyme828y,Missing Platform
ikvgj28ukd32,Missing Platform
dxpzup207xgq,Missing Platform
5epwmmm2rjw1,Missing Platform
tal81hgvypki,Missing Platform
h5jb2ll4hckj,Missing Platform
mxkcitiyzp1m,Missing Platform
p985vcj5cl1n,Missing Platform
q0060wunest1,Missing Platform
epbtw8ygpk8v,Missing Platform
y9m1brc6hcfs,Missing Platform
otove62l0su2,Missing Platform
d4pimalcfpl7,Missing Platform
fgi0c0nlz9bb,Missing Platform
qgxztmodng6c,Missing Platform
nfzxnbvvdvbe,Missing Platform
c0o33r5jtsxu,Missing Platform
6q78aamz00l7,Missing Platform
ueb8v0ss8kw0,Missing Platform
bvwpmy24vx30,Missing Platform
zvj4ja8bp4xx,Missing Platform
rta57mac97vl,Missing Platform
utkzs6e0k0pe,Missing Platform
c7j5hsywa7ad,Missing Platform
0gm5nzmqll7h,Missing Platform
amtxw1hjt99q,Missing Platform
76i9j8sdor67,Missing Platform
7nrf6ck62w31,Missing Platform
2r1k9opcv2z7,Missing Platform
zzan2x9vprno,Missing Platform
q30ss8v1crp8,Missing Platform
k5l67uj9wv2t,Missing Platform
r4qbg7ga43ne,Missing Platform
bekzcapug0o0,Missing Platform
e3vb9zybo0nr,Missing Platform
hb16g7wjqw2q,Missing Platform
fjlnmb1dt31g,Missing Platform
6z7zn60394mk,Missing Platform
rumhiah9pz84,Missing Platform
gtfr9523k1l5,Missing Platform
p2nap9keci9t,Missing Platform
5os8gynpg0h3,Missing Platform
2hn51ga0ji7p,Missing Platform
6dtj6whhleoz,Missing Platform
l7skb5rg8qkd,Missing Platform
tub43jk8wcw9,Missing Platform
vod04qzi2hf8,Missing Platform
24mmm4y37p5t,Missing Platform
hnka1ilpons8,Missing Platform
b576rqgkasgm,Missing Platform
xg1gx4ekmwgf,Missing Platform
cywz15yd8kli,Missing Platform
yxw1j2tdic2p,Missing Platform
fe40ldo7are7,Missing Platform
nb161hi9dufy,Missing Platform
xarobf8jfh9b,Missing Platform
fyvbppeu2i5g,Missing Platform
9buaoyjdy18n,Missing Platform
y8sh4xs4v1kh,Missing Platform
nrrkk7pbftd7,Missing Platform
b2fijfkyq37a,Missing Platform
r3b3zij0acy2,Missing Platform
0pk4menmptx7,Missing Platform
lbf19q1dv1dt,Missing Platform
mh461xndzzq8,Missing Platform
p47bonqr7ill,Missing Platform
qmmoky1ltbg7,Missing Platform
4nr1aoqpvrss,Missing Platform
n611kkjvae0e,Missing Platform
0bmsr64brhku,Missing Platform
i2w0vyxvfzps,Missing Platform
1lgy7i2t75kd,Missing Platform
pqzra16sa23l,Missing Platform
zz3fk1iuz3a3,Missing Platform
5ngw7t0puwdh,Missing Platform
ii2wtmu8wvj3,Missing Platform
tq3gskwy7jha,Missing Platform
ly08opcgm75o,Missing Platform
6otrgbhpidmu,Missing Platform
xuea5oic04nn,Missing Platform
n471xhu8ai9r,Missing Platform
6gxw5zleukqy,Missing Platform
edr1ev6wglrb,Missing Platform
g11dyze0tefo,Missing Platform
0dhoti9rh1cu,Missing Platform
rbcujy8xnuyn,Missing Platform
5efpohtv0xlb,Missing Platform
dt9a6rk8145l,Missing Platform
xvsxjx9utsu0,Missing Platform
ssdg4j7pwe2j,Missing Platform
iervsdbrcbmo,Missing Platform
ooaq7i8mdper,Missing Platform
tr841ohdxllc,Missing Platform
gfl2tv92kknj,Missing Platform
t4kmmklm54ct,Missing Platform
0yzxgzgypb5u,Missing Platform
woma4lu7n5h9,Missing Platform
rmzol5y60rw0,Missing Platform
mf3n3hrb29sb,Missing Platform
3kralwsiuky2,Missing Platform
ektn89kofbtg,Missing Platform
u7dsujbu46qq,Missing Platform
6vwovr9jj7aq,Missing Platform
7dse40i6de3v,Missing Platform
tg4pd6reh4js,Missing Platform
tb6h03kqtuez,Missing Platform
86ydore2pbob,Missing Platform
06tw5xakwy0x,Missing Platform
1dd56hqrsgv8,Missing Platform
v90eawof0uce,Missing Platform
tssrpx85trgd,Missing Platform
c3elks7shgd0,Missing Platform
wrz5qz20n4zm,Missing Platform
s4znb44l8pzw,Missing Platform
yhj45h9ahyk9,Missing Platform
629zv1ia62u5,Missing Platform
b08e0pljqox5,Missing Platform
1tgb6ufvlq5i,Missing Platform
1n1ckq1na9sr,Missing Platform
14ijp89s2ymd,Missing Platform
7xox8r8dgx6o,Missing Platform
z1nv3ccx7oh3,Missing Platform
f2tx6mag5g7s,Missing Platform
m6y2sd6bykll,Missing Platform
wxvqjb58gd5v,Missing Platform
xgz8er4y0zwk,Missing Platform
d3wglo0nive0,Missing Platform
u5ltj9s3lpu2,Missing Platform
g6rw3nw00zl9,Missing Platform
o1arvkohjep3,Missing Platform
qg7qdq68hfzm,Missing Platform
c7wy4rj7albh,Missing Platform
86x4w8j6z9sk,Missing Platform
0n6uj950rnk5,Missing Platform
nv4y4o6bl976,Missing Platform
97xww1zajcgb,Missing Platform
jq2uhnk1k9x3,Missing Platform
08lvns8r507p,Missing Platform
90npj7mb4h1m,Missing Platform
j4vlktz444px,Missing Platform
i2fcvrvwlc4e,Missing Platform
wmejqn24urk2,Missing Platform
7yvpr0486wkd,Missing Platform
pbth556ijmbx,Missing Platform
6ueng4f379pe,Missing Platform
mgi6v5n1g9dm,Missing Platform
kexgwp3640yv,Missing Platform
yp0z9ayrpxyr,Missing Platform
blhbtea019hz,Missing Platform
vpxs1mqocndy,Missing Platform
suv2gaiiikxh,Missing Platform
tn486efev8vn,Missing Platform
3ow71hv42rmt,Missing Platform
9zqxcgpt9lbi,Missing Platform
pnzprala260l,Missing Platform
lwr8zd4djbok,Missing Platform
u7ddbg3op5vk,Missing Platform
illmfn38qo9k,Missing Platform
7cm9mmy0vged,Missing Platform
8ykrjkxmwvyw,Missing Platform
btmalqk0zi1j,Missing Platform
8lxyhqdiky5p,Missing Platform
4gbd7dmeo9li,Missing Platform
fitfniyax8di,Missing Platform
g5genocaiyja,Missing Platform
g3jviut4pkzn,Missing Platform
85o9qf14ud55,Missing Platform
3g172oxvavy2,Missing Platform
2fds6eqc2f37,Missing Platform
accdrc8k4bkp,Missing Platform
p5l96trc8v03,Missing Platform
gm4avtb525cn,Missing Platform
3lmhgh78o9yk,Missing Platform
tq873a75sjl5,Missing Platform
mwn0zp8v9afj,Missing Platform
hcffzocnrpuh,Missing Platform
gux2upcwgneq,Missing Platform
32mpvq0pe0ba,Missing Platform
tlm2jiekqoh2,Missing Platform
kxfer3hrb9x1,Missing Platform
kwvlo5mu808h,Missing Platform
m3znc29dxyos,Missing Platform
mqmmz95ljy52,Missing Platform
2n2tp5ql58z3,Missing Platform
m5g4mnnrk41t,Missing Platform
tfh6r3gbs9qu,Missing Platform
8gmd6y8qs13u,Missing Platform
2emxmgr2pqdn,Missing Platform
s3fgqive6ob8,Missing Platform
y3iolv9xdely,Missing Platform
14s2wib1xdnt,Missing Platform
it94mr8ctivf,Missing Platform
gry7gjiwu3dd,Missing Platform
ei68x9tfac2m,Missing Platform
yx4uhjogxshp,Missing Platform
onba395nmga4,Missing Platform
1v2be8x0h68f,Missing Platform
lbid07hpfj11,Missing Platform
6qvnjiu7cnl3,Missing Platform
i2osfw7qjfgv,Missing Platform
re51xr0m9z53,Missing Platform
oczbmgrjbjjm,Missing Platform
5718wozulpk1,Missing Platform
so7n18thxayo,Missing Platform
cu25simmf480,Missing Platform
5l45dp38uysm,Missing Platform
bmdeqhdfdhwp,Missing Platform
mzfeph9rjtmk,Missing Platform
kz766rgbre7q,Missing Platform
dt7skeg3jjt0,Missing Platform
ioz8x4aoku9b,Missing Platform
onqrw5bqncz8,Missing Platform
xuea5oic04nn,Missing Platform
h3taaubvj1en,Missing Platform
upp838odkqxv,Missing Platform
6mhvytqlinrj,Missing Platform
14btatybq0fl,Missing Platform
nk3h5kqyowht,Missing Platform
p4tnzgplrg6h,Missing Platform
3l05g1nuvrzb,Missing Platform
dzs06il2zana,Missing Platform
7p1loq97sqmg,Missing Platform
62e6swlsoivr,Missing Platform
kdxgfj9vhfvn,Missing Platform
kb9dfx1x1rzk,Missing Platform
1khe83stiv68,Missing Platform
u5zv679i76fw,Missing Platform
a9rs9tle1oi5,Missing Platform
o1arvkohjep3,Missing Platform
2uw3q8lcb647,Missing Platform
opbcxk8dusgn,Missing Platform
vduadray1nej,Missing Platform
lmnmyjbhwxnc,Missing Platform
iaaqcdo2nvmk,Missing Platform
zchm4lk2zqet,Missing Platform
i1zvvlgg9f2f,Missing Platform
10317agzwxhl,Missing Platform
4q9po31olfl7,Missing Platform
eew5d8d2pijw,Missing Platform
fm4s5d0yh2h7,Missing Platform
5sazeigaa5id,Missing Platform
vhafagtnwxns,Missing Platform
gbtgyvjwtmcx,Missing Platform
i7bo4fb7t34d,Missing Platform
fawgb43lyhjv,Missing Platform
md4znrr9sjug,Missing Platform
7tf8pqmxezb8,Missing Platform
7ulrmnasqcwp,Missing Platform
7o84p5gxuyjt,Missing Platform
6viq2n7poav6,Missing Platform
yryp94gyoa4h,Missing Platform
ybxlq2mt8wy0,Missing Platform
61f15zue42v4,Missing Platform
u3h69x28ybxo,Missing Platform
66lpcpbh58al,Missing Platform
ysultvpiqulf,Missing Platform
b1xvswpkc1fy,Missing Platform
kx4yxovyx8x1,Missing Platform
l352yngsfrx3,Missing Platform
vt51a5tcvhre,Missing Platform
7jmu1zkhn24d,Missing Platform
qljca0l4kqcr,Missing Platform
sndqb1wn3yms,Missing Platform
z8qait7aenry,Missing Platform
truvyln7zou8,Missing Platform
y7yx2tc3vr6s,Missing Platform
z2lp522fyre5,Missing Platform
vkn6dfmfb1mk,Missing Platform
28pad4dlrma7,Missing Platform
kyk4io5a8nks,Missing Platform
zpd3qy4w6af2,Missing Platform
wbohbtpvf4l2,Missing Platform
8nf7hj95yiye,Missing Platform
tnn7qk2fg1ye,Missing Platform
csebof9gdrgz,Missing Platform
fsjjayurnudl,Missing Platform
xu17ybzjk1v5,Missing Platform
qsggigrf6810,Missing Platform
bog0cf9kii9o,Missing Platform
rtrfm03lvg4n,Missing Platform
x8u59il46u4d,Missing Platform
y5qjbtr2wdhk,Missing Platform
9garpx6nscf0,Missing Platform
2e6evaotnxvu,Missing Platform
z87tfm8e46dw,Missing Platform
s5melyietk88,Missing Platform
gu6ee4zpvpt6,Missing Platform
2cesv0qrv47e,Missing Platform
l55f6wbgd3a5,Missing Platform
s42kapisnogk,Missing Platform
o4xjnkkmbspk,Missing Platform
n5l1x6div5hv,Missing Platform
si08623dxzud,Missing Platform
id6um1wtpbjf,Missing Platform
b4b1gumobn90,Missing Platform
mxx3i0txw55b,Missing Platform
xdvn715v973u,Missing Platform
ykus7zip9w7h,Missing Platform
hfmg650k22nv,Missing Platform
5arnt71i9jlj,Missing Platform
y35wukcmhmxw,Missing Platform
t4hdlm3scog7,Missing Platform
wb7f2el5v323,Missing Platform
m87603jl2hc8,Missing Platform
tdcbjutnqkfh,Missing Platform
m8n064pq1svh,Missing Platform
lnqmh09rmndt,Missing Platform
kme30a0ddbtr,Missing Platform
cebytfn1wqvq,Missing Platform
p4lj5nbsn7nl,Missing Platform
c8ol1n67nprp,Missing Platform
rcmyny87jjcm,Missing Platform
f55tfk80f5st,Missing Platform
pc41lwp8befz,Missing Platform
tzi3paqehp5q,Missing Platform
dcesiwi35f2g,Missing Platform
lnsapvkjs3m0,Missing Platform
qwoki7stvpxv,Missing Platform
g3izm2ts6vqu,Missing Platform
v3q8wgq6f29o,Missing Platform
5wplpw6eq44n,Missing Platform
jzl5o4kgodbs,Missing Platform
1scc0xa3g0bg,Missing Platform
z33gsi0f3qzk,Missing Platform
ne28w983w8p6,Missing Platform
hpyhrf2uysq6,Missing Platform
xuimrugd8gcd,Missing Platform
ynjb8lcjswe5,Missing Platform
kfeoqdmfcqq4,Missing Platform
yfskm7y5r9wy,Missing Platform
vk42eazk4pls,Missing Platform
9d0wmchmubds,Missing Platform
qcnj1ayn37sf,Missing Platform
36w2tcg14nuo,Missing Platform
6lgug2mc4ge9,Missing Platform
yaygamm57zs7,Missing Platform
3242e14odtv4,Missing Platform
d64hfe3xgi44,Missing Platform
sa46pv48l738,Missing Platform
bnx2oxou8yr1,Missing Platform
s7mb76rff4vn,Missing Platform
zldp0ot08p1v,Missing Platform
338idb4io0u4,Missing Platform
ezr0yimf424c,Missing Platform
p3x5o7mngxhf,Missing Platform
9c9qyl9kee04,Missing Platform
3c8dsiy5b95f,Missing Platform
niszcezmklfr,Missing Platform
84ckqwdsypjy,Missing Platform
cj0qacopaly8,Missing Platform
uaoyi4ux3x4c,Missing Platform
1jq361mlvexw,Missing Platform
dfjuykszr588,Missing Platform
l3cfuxm4ilk1,Missing Platform
hjz01huo1dis,Missing Platform
7bcpect9vfa9,Missing Platform
88mdrecyhx3t,Missing Platform
2ks17vpr34rv,Missing Platform
hg5b2snbiwbe,Missing Platform
2fyf0plqgufb,Missing Platform
zy2iv4ymo6te,Missing Platform
fv4wnjld83bd,Missing Platform
typki8hlsgbr,Missing Platform
r1z3g0n77qcb,Missing Platform
g7cgbm2uj0rq,Missing Platform
1v3a05km216l,Missing Platform
nlkw159as3oc,Missing Platform
u17tswjas4yh,Missing Platform
hnvayotylgox,Missing Platform
eusfudtuic9l,Missing Platform
818smavamc6d,Missing Platform
xix31dtvbkcb,Missing Platform
hec8z281z8ff,Missing Platform
x2w75mj81px4,Missing Platform
e66bpir7mlte,Missing Platform
oawbux965i78,Missing Platform
jk7clqwv27hu,Missing Platform
utkzs6e0k0pe,Missing Platform
4cyw02jy3vem,Missing Platform
1nu7lgm10e4h,Missing Platform
xb1yh2nmzn15,Missing Platform
7yx6h9qwc5jr,Missing Platform
twapr5cqp5ny,Missing Platform
4guypzww3zes,Missing Platform
pjph0rj4qmhl,Missing Platform
bj9onkqhhh4d,Missing Platform
nv1xgpay97oz,Missing Platform
1s16pzvn3sew,Missing Platform
abbhtt62u3ab,Missing Platform
g91agjwms745,Missing Platform
o963212xtu9u,Missing Platform
emwvi9c2i8bg,Missing Platform
pzdjexbz6sob,Missing Platform
1r9dyr0ikwak,Missing Platform
mlwc6z4qh2ir,Missing Platform
9jn674ytody9,Missing Platform
zaeno1238up8,Missing Platform
s01ehyqj3u1a,Missing Platform
gixmu8a1d9fm,Missing Platform
v007ji0m415g,Missing Platform
6mn94oq3f40z,Missing Platform
e0cxigmtz1aj,Missing Platform
uqaf94g0lo7m,Missing Platform
i7y1wzd8qsz9,Missing Platform
f6a1zae4chmb,Missing Platform
vifsn399vl8s,Missing Platform
p4tnzgplrg6h,Missing Platform
6y6wrzcg4lrs,Missing Platform
ahqgcm9sphvp,Missing Platform
z4bp28pcr1e5,Missing Platform
dyn81jqxxcdp,Missing Platform
qbgdsxg0chdm,Missing Platform
77x1p3vuqqwk,Missing Platform
ptt3pyj8y0b8,Missing Platform
qfcpjcrstvf0,Missing Platform
th22e4s1kvac,Missing Platform
atlyh56qlppj,Missing Platform
ibvdgpblwpmi,Missing Platform
w9arlh6qx04b,Missing Platform
povugws148ks,Missing Platform
tdbi5d79xuaz,Missing Platform
a6ksahikuog7,Missing Platform
z01xfsqz6kpd,Missing Platform
ei88nfu83s11,Missing Platform
e2d6xboi8rvl,Missing Platform
r9wod1d883oe,Missing Platform
kq56uol3gmqs,Missing Platform
a8bejrty7w9v,Missing Platform
qs69cb6tara2,Missing Platform
z5iwbhe9kjvf,Missing Platform
6af77bg48e2b,Missing Platform
v4om52fcatm4,Missing Platform
i099eedhinlq,Missing Platform
d78nkrmb4gdg,Missing Platform
3v0zks5sgbcj,Missing Platform
ifr03lxgzscr,Missing Platform
ukrums9szr41,Missing Platform
lptaw0i58suj,Missing Platform
de7m89pbcdqo,Missing Platform
mqjbk9l4y4fh,Missing Platform
ls7zv4haehzk,Missing Platform
sxvzdcuixdqn,Missing Platform
da45doveqt77,Missing Platform
pss2puig0bja,Missing Platform
q0pr2o1qvpll,Missing Platform
6unlbpt06guj,Missing Platform
ajzrensvmuqq,Missing Platform
g36irgytuj6l,Missing Platform
4gp9xoidp2x6,Missing Platform
9xitvolo04uz,Missing Platform
p1novqhfy34c,Missing Platform
mbw0j3grmf1b,Missing Platform
zmzu3xg62q40,Missing Platform
ajzrensvmuqq,Missing Platform
2gcd91wfksb6,Missing Platform
pey5tawd8l0j,Missing Platform
ziohwh8v4tqn,Missing Platform
2grg0fmu5avr,Missing Platform
tfieyiay5iwc,Missing Platform
3n4bm9uo3dbs,Missing Platform
t1rdlngdgoz1,Missing Platform
6029pxneksv9,Missing Platform
6msjpa669emv,Missing Platform
f4ydcdmo33cb,Missing Platform
3z4bra2ul1w2,Missing Platform
j8b3ee6w6baj,Missing Platform
tdgjjylpua20,Missing Platform
9cyaeuxikih8,Missing Platform
cpn0upzj10eo,Missing Platform
8ruznlyb0kvk,Missing Platform
trtixnk95an8,Missing Platform
i6io9jo0vpxa,Missing Platform
vvb8qt1qsllo,Missing Platform
dt4a289vjpwc,Missing Platform
iqhrfbyi105v,Missing Platform
aw2qsv2r8r1h,Missing Platform
l30l2cgqtuqw,Missing Platform
m7kigfpgrd5n,Missing Platform
ppgaw785vvgy,Missing Platform
vi04rgwun61x,Missing Platform
fj99pxtrgy50,Missing Platform
nldhaabmkfbq,Missing Platform
cyfvcam8asbr,Missing Platform
196szfe40loq,Missing Platform
s5ea1mw0e6st,Missing Platform
vxxbzginl8ow,Missing Platform
033i6hfsrdo8,Missing Platform
5dkpt670rwuw,Missing Platform
qde1g3izbf8m,Missing Platform
2l9qjqz6urj1,Missing Platform
rfnynn4k28ec,Missing Platform
ji1k7vpa7acq,Missing Platform
d7yb492m8v7v,Missing Platform
7zzuzxnusb9z,Missing Platform
bv8bxkg5hhyl,Missing Platform
mjy0e1mlyixi,Missing Platform
2uw3q8lcb647,Missing Platform
ozfs2zx0uf7x,Missing Platform
5b25xtip2fot,Missing Platform
usriptgfw4pr,Missing Platform
j8laiy0tccd7,Missing Platform
xscwdaebkfr3,Missing Platform
eaonp37j0on3,Missing Platform
tng2yk900rjl,Missing Platform
eb0k06vzbuyz,Missing Platform
lids02zqxw2q,Missing Platform
fdbbs3jkwod3,Missing Platform
ophnvpz8czlz,Missing Platform
bmju9nvsfcaf,Missing Platform
2dsp9dvolcnr,Missing Platform
ppsbr79oa8om,Missing Platform
1ee886uk6npz,Missing Platform
mq6m8d5qbltf,Missing Platform
nrudhhv5cpou,Missing Platform
0phaptw15r5j,Missing Platform
obp80hs1v2f0,Missing Platform
c6dbx2mcjmne,Missing Platform
5d0iipu3z92y,Missing Platform
a6ksahikuog7,Missing Platform
07aw4h0v22ys,Missing Platform
plu20sdysg82,Missing Platform
9fse1wxnepse,Missing Platform
02b0vyoya4hz,Missing Platform
22dtv8kw25eo,Missing Platform
apocv2hincps,Missing Platform
mjkbkiwp16p5,Missing Platform
fxfxcxmnmkhl,Missing Platform
a3jrk8yhqykg,Missing Platform
x40fodp77hwg,Missing Platform
wffifboesi32,Missing Platform
89b4ejhxgwbh,Missing Platform
npltgpxah4ea,Missing Platform
hqej1bw2l3ba,Missing Platform
hztsavwqhskj,Missing Platform
ccdvi4af3vvf,Missing Platform
z8dnoreiuqd9,Missing Platform
51ds0trrhhnj,Missing Platform
a4aumzgfd33b,Missing Platform
482vxdldn264,Missing Platform
pq40zpyvyda6,Missing Platform
68bmm4ph4hx5,Missing Platform
8ceijbp2bxtg,Missing Platform
yizdteyt9rk3,Missing Platform
2ggrd1emojr1,Missing Platform
voiyrpbyw6qt,Missing Platform
dcqx4x21vo4k,Missing Platform
lbtenz935jy3,Missing Platform
hvtyim72za6v,Missing Platform
39i8hn5sbzb2,Missing Platform
sc1a3nafjihu,Missing Platform
6nj3dn1v155x,Missing Platform
4o97u51sz56q,Missing Platform
gyyznouo4syn,Missing Platform
pbf4ijp5jqam,Missing Platform
a99v9zmahlfn,Missing Platform
e561rqckclqn,Missing Platform
pcytatugdb04,Missing Platform
t41y4u15uzx8,Missing Platform
1dyt993po6ak,Missing Platform
u7gg91kzk1zp,Missing Platform
vdnojo6endja,Missing Platform
3w9i1k56iccy,Missing Platform
66ilidz728wd,Missing Platform
gzla4gljonfg,Missing Platform
xawi93gfwqd7,Missing Platform
6ht009yn4pf6,Missing Platform
t617ple0qpli,Missing Platform
893mxn232bq8,Missing Platform
nz4m2cm9swua,Missing Platform
48c3ofpdpnyi,Missing Platform
5fu1c71xyf8y,Missing Platform
rwk2pmkx8m5f,Missing Platform
a239dinrslz8,Missing Platform
cdsmtaf3j5bs,Missing Platform
yysrz3wvh9ky,Missing Platform
jtgqzjeewud5,Missing Platform
yyabjonete5y,Missing Platform
eyy7x46lpnpj,Missing Platform
laj3lko9lpg2,Missing Platform
9hj6ccfikne6,Missing Platform
v3uw1yft80n4,Missing Platform
dt4a289vjpwc,Missing Platform
wi4p2mbvnzs5,Missing Platform
7v5jf9bf8yol,Missing Platform
oh1bzvkrnt9j,Missing Platform
ibkhyogiw6qf,Missing Platform
di6wtr7qp5k3,Missing Platform
nnkcdrkw7crd,Missing Platform
qpzw3icazlkg,Missing Platform
0cp1hzpysfdu,Missing Platform
hj8zrfmwnbzt,Missing Platform
f7uym33zsw6u,Missing Platform
db4c7h1qzten,Missing Platform
zu2y9yosfdy5,Missing Platform
3gmhcmn43y43,Missing Platform
yywmw4i8o2z1,Missing Platform
rq5tph5xduft,Missing Platform
v1jil7qp3vhj,Missing Platform
tgbqkophcrva,Missing Platform
f2e5kdfldedz,Missing Platform
iqdqe9d19k4c,Missing Platform
vbie5mao8up2,Missing Platform
jtlrt2fzc5y1,Missing Platform
j037i004yiim,Missing Platform
3bpfdnwoi7fe,Missing Platform
gej95b5iuipy,Missing Platform
x8zear385gwo,Missing Platform
7btkizpvoa2p,Missing Platform
z9vcfrixn385,Missing Platform
yl22t87afjp4,Missing Platform
8gnpy7b64b84,Missing Platform
zi6tl5mwdk8d,Missing Platform
roin361zzyuc,Missing Platform
00u9otx16xfc,Missing Platform
97aogvt6twqr,Missing Platform
6e3f4kkud3af,Missing Platform
3pom07w5c2q2,Missing Platform
snujj0khf6dj,Missing Platform
kwx6wrpf00zr,Missing Platform
6vfo23fp9cdf,Missing Platform
42ywvj229tw8,Missing Platform
wpdfhxxenhci,Missing Platform
hqnm4p58zmem,Missing Platform
vmcuu1gek9nc,Missing Platform
2vgq6tm6kmz9,Missing Platform
qgev4efv7pdt,Missing Platform
ngsygh8tzxh5,Missing Platform
a3fgf9sspuqk,Missing Platform
9xkuaw77aauq,Missing Platform
6vkphuhlf1og,Missing Platform
axfn57tkdtgn,Missing Platform
5ga2iajubry6,Missing Platform
9wbn906sxsun,Missing Platform
xyuz67m2qqvh,Missing Platform
d8zw2w8lidy7,Missing Platform
qxthsasv1a0b,Missing Platform
ta1ygg0j0mcc,Missing Platform
z70f2dj40hry,Missing Platform
opwvysvf7bpj,Missing Platform
zcfux4psjxtu,Missing Platform
uvliu8yu7zoq,Missing Platform
d5qbv9bqfp88,Missing Platform
397ptmfqzhba,Missing Platform
4ze7cxhgwtit,Missing Platform
b8n4kfudxr0m,Missing Platform
29iciw93ddyr,Missing Platform
0yh2i1p8m74m,Missing Platform
f5myp694l99s,Missing Platform
nj500zno7pg6,Missing Platform
p79t3wbdx9jl,Missing Platform
lilp6yzs8vp5,Missing Platform
4l2aztd6r5qy,Missing Platform
82nt3keh2jt3,Missing Platform
g3jviut4pkzn,Missing Platform
x3s8a3dssyvh,Missing Platform
0ph19rs3neng,Missing Platform
wq0r32whljdf,Missing Platform
odxe3mestpv3,Missing Platform
lrhszs3gkw0q,Missing Platform
m5pf0mvqtlkc,Missing Platform
pekl3ngftjc5,Missing Platform
bjmrakktpij1,Missing Platform
v3bk63e1912l,Missing Platform
5835j01ch74k,Missing Platform
hgwcqixr18iz,Missing Platform
21jn4curvvmp,Missing Platform
1l0yiu5h8exg,Missing Platform
pbf4ijp5jqam,Missing Platform
oucgyof7ca0p,Missing Platform
xy2j0seotj04,Missing Platform
7mln4gj7yzp0,Missing Platform
ufzzzkwqkpxq,Missing Platform
cnvotb6npn2o,Missing Platform
d2z2nzdxxm3z,Missing Platform
cgpccd859etn,Missing Platform
yq6i2nsq10l9,Missing Platform
biojewq040yn,Missing Platform
vid05m2qqfj7,Missing Platform
4bfq6gke897z,Missing Platform
yicouube18az,Missing Platform
151qcjjy6lta,Missing Platform
ogfmfqz0i6l5,Missing Platform
1l7ec2bibpzy,Missing Platform
7qumij2b54qu,Missing Platform
hujxhvnq9xsm,Missing Platform
yykljrj7z54p,Missing Platform
19pvgp6ymvh6,Missing Platform
98pnx291y3jo,Missing Platform
60bjnl9qstzg,Missing Platform
msz4qjza802s,Missing Platform
n67zmv938j2r,Missing Platform
isub5bfg9v22,Missing Platform
ajzrensvmuqq,Missing Platform
jmfylfg7awhs,Missing Platform
6gglsgn6wty9,Missing Platform
skrfoxbxeaa2,Missing Platform
bipwe8exvtnp,Missing Platform
j4vlktz444px,Missing Platform
bfc2toswnw32,Missing Platform
suhs3unmqi9f,Missing Platform
wsqxsq4nqmbk,Missing Platform
bbxyrme7xpla,Missing Platform
gg2s0xgwcrb7,Missing Platform
paf6w68qqxww,Missing Platform
9h2pxgdcgmdw,Missing Platform
pz8jkzt1yjxj,Missing Platform
lwnfmqdi0q7b,Missing Platform
r0a6oia1fev8,Missing Platform
pr7v9tbxo3td,Missing Platform
dbwhowiy2bsb,Missing Platform
jmrvjsikofi1,Missing Platform
9bepgz25l41b,Missing Platform
phtxj1hjx01u,Missing Platform
5zl5z6t7jo98,Missing Platform
ir9uvd2716q1,Missing Platform
cr2gj3ggt2j1,Missing Platform
yw4dbffy24qv,Missing Platform
0aadeurlblbq,Missing Platform
350ztlk2d6m9,Missing Platform
pytqf69jicj1,Missing Platform
trov49rzpfw6,Missing Platform
xjxsmtqtgarw,Missing Platform
zgk5v2ezlh5m,Missing Platform
skqqjxx4fw92,Missing Platform
iaopjzh5ix4g,Missing Platform
gibq44ljzafo,Missing Platform
j9d88chk23ox,Missing Platform
h3cmhmndinmt,Missing Platform
r60aoz4hl26c,Missing Platform
b8rd39bj884v,Missing Platform
p1u7xka9a6u3,Missing Platform
dgutzfq2r2zh,Missing Platform
eh9a5dq9346s,Missing Platform
28wad972gy2o,Missing Platform
zw4d95vmixc7,Missing Platform
p1d3jpwb9b3a,Missing Platform
bmu706fn1n5u,Missing Platform
iktpehjdnxqq,Missing Platform
gnq7d8gvai2q,Missing Platform
2yhn8ubkhna6,Missing Platform
lepzpnpdf82a,Missing Platform
4y8goq59nr2c,Missing Platform
k35ruh0zcpel,Missing Platform
y5gv8ax7eba1,Missing Platform
vxl3ehn6w5lt,Missing Platform
thaw5rf68w7n,Missing Platform
vsqa70l2eeez,Missing Platform
zv2sgoqrbq38,Missing Platform
j3jz1a1ki6l2,Missing Platform
k1qsbhij8gkv,Missing Platform
1r00uzi4ktr5,Missing Platform
1aofmnno00cs,Missing Platform
17mnx4tl5qqw,Missing Platform
2qdk2u1ybxa5,Missing Platform
trrgpfacbsdz,Missing Platform
1jrjgmjpllz5,Missing Platform
9n06uwp3no6b,Missing Platform
tppe5r06hicy,Missing Platform
qupbit5lbxek,Missing Platform
91mrsr9jeiom,Missing Platform
hqqp2smntcpr,Missing Platform
l549wbobdlz0,Missing Platform
8hgmmo1b6iwh,Missing Platform
3sk3b07iwbr4,Missing Platform
5ys9lhtwccab,Missing Platform
msn8g2rl3fum,Missing Platform
s1oaohue6xwt,Missing Platform
s8lfuhw679j7,Missing Platform
f9109obrjzlj,Missing Platform
9jiyr3uuit71,Missing Platform
kn4txvvl2tyr,Missing Platform
ne5m2xdg4r2g,Missing Platform
vi2ls585iy74,Missing Platform
km8hhhrxv337,Missing Platform
binhbb1hcqv1,Missing Platform
e9f22k15r0e4,Missing Platform
pn4jvskipy1r,Missing Platform
pxpm053v1z9w,Missing Platform
z5ik2y1aswx3,Missing Platform
gu0qp4l6952v,Missing Platform
xolqu7x7yx8g,Missing Platform
up284e6476zb,Missing Platform
70p5fr1u8x5e,Missing Platform
ylvm56vkniti,Missing Platform
wq16hkgkmdjg,Missing Platform
19bwnsi2ewfl,Missing Platform
mru9smnc47f7,Missing Platform
w9w8jn19qz72,Missing Platform
pjy761dc8yor,Missing Platform
suhs3unmqi9f,Missing Platform
d32qz65s68nv,Missing Platform
md7xoyag3jf5,Missing Platform
7brfl1nq18ga,Missing Platform
7syz6xtfnkyx,Missing Platform
wzgjdti0yq9c,Missing Platform
imacf7r2nbxk,Missing Platform
g7gnyhg0939b,Missing Platform
j7avg3uycdgx,Missing Platform
rq75byoh0flj,Missing Platform
zik1441gfm9q,Missing Platform
hhehdcg7bdqk,Missing Platform
dos1fe30wf4a,Missing Platform
f52tgkuf53sv,Missing Platform
d2x8s5rt3yhu,Missing Platform
whf6uqi1fst3,Missing Platform
2220kyb2vryv,Missing Platform
bj9cvhbi5e8y,Missing Platform
tnn7qk2fg1ye,Missing Platform
3d0i1864kmln,Missing Platform
0wb1y0785ldt,Missing Platform
m40gw95nerge,Missing Platform
cnj403npzyfk,Missing Platform
y2z5onwi2trn,Missing Platform
lr9ssxcpsbqw,Missing Platform
p7sqzxnadxhn,Missing Platform
m1xouaqhgy6s,Missing Platform
xm0rdsu70zwt,Missing Platform
8rexgpvfp3m6,Missing Platform
b48uhyb34u2f,Missing Platform
p1c3eh76z3c6,Missing Platform
utkzs6e0k0pe,Missing Platform
jt5xfvf7oera,Missing Platform
t7q2zxc8gvdy,Missing Platform
fi5xg9osewxb,Missing Platform
qhzcbrhtvb5j,Missing Platform
m40lwzv38cg7,Missing Platform
uvliu8yu7zoq,Missing Platform
zce66febph27,Missing Platform
zli4k0ovvj5j,Missing Platform
ts9baq17zxc7,Missing Platform
2711bzhaoios,Missing Platform
horiqr6go1s9,Missing Platform
8jb9g5ni6j64,Missing Platform
5mm46ay2vaoe,Missing Platform
8rs800tnef8r,Missing Platform
fqjbicrw7x7x,Missing Platform
4obcm5des710,Missing Platform
3ujjb46lxdgd,Missing Platform
nmt74wrj56gl,Missing Platform
x8wq022t0pa5,Missing Platform
taxxdsakmjkq,Missing Platform
9229g9ih71fm,Missing Platform
2fdl6uhmfuwn,Missing Platform
3ca21f1djpmc,Missing Platform
5xp7j0i4d3rb,Missing Platform
707py1asvipm,Missing Platform
dnas4uc6v7et,Missing Platform
zpti4ns6bdrv,Missing Platform
0uiw6man9euu,Missing Platform
7mbldgfz5t28,Missing Platform
7yrrw32k2qhy,Missing Platform
hmpdqys99ous,Missing Platform
eg1q7j820qqf,Missing Platform
ncakjtyccfv1,Missing Platform
bxb1av47bbpu,Missing Platform
tvhpeuf8wj4q,Missing Platform
p1edbzzz1nm1,Missing Platform
u65p9x1ryazk,Missing Platform
sead4j4rn0t7,Missing Platform
59ve74ohdoju,Missing Platform
f9mv98ss1huy,Missing Platform
pdw9thnzowwn,Missing Platform
u1aa801qvxeu,Missing Platform
lilp6yzs8vp5,Missing Platform
0066x8nnmouc,Missing Platform
q1db1t671ei5,Missing Platform
gg5ynawl9zn8,Missing Platform
3u9tsnm9nr3s,Missing Platform
pxhop0h7lcqy,Missing Platform
qklqiw7984lg,Missing Platform
mqzryjsbiuwn,Missing Platform
lqebiaeyv4q4,Missing Platform
kxkk5jdc44rq,Missing Platform
rp40tjigfeo0,Missing Platform
o6vebg3jzwx0,Missing Platform
kvv13ozni66a,Missing Platform
4igsv28hkevr,Missing Platform
x7z6e6v5ljr6,Missing Platform
9nj42yynb3dy,Missing Platform
4l0u5po6if1b,Missing Platform
mq5w92vb5oz8,Missing Platform
ll7pgmavequz,Missing Platform
hvomvsa85xyd,Missing Platform
yx94pgf8z5bi,Missing Platform
94ssb5nf4j3e,Missing Platform
o00v4lglta19,Missing Platform
a35ntslb35lu,Missing Platform
u0cz9t63h78x,Missing Platform
32qywmjy84gk,Missing Platform
dthxitz3sfh9,Missing Platform
lgd70u4ukhub,Missing Platform
6y7jebg5h2pb,Missing Platform
qfvu8uwzuws9,Missing Platform
f6vea3yk2pdf,Missing Platform
pumbd2675pnh,Missing Platform
500omaq5n69r,Missing Platform
dfjuykszr588,Missing Platform
qg7qdq68hfzm,Missing Platform
0gaq8esu4d37,Missing Platform
n5kx55xhr1he,Missing Platform
kp3y7cceez04,Missing Platform
fdetkfzr6vgt,Missing Platform
cqbbe326pn43,Missing Platform
9hmbx97qpekl,Missing Platform
km8s06sj1to3,Missing Platform
d05c6rgfswsm,Missing Platform
oogcjvsymhr2,Missing Platform
21kqojz5m1t6,Missing Platform
7fxfqmwbmh8o,Missing Platform
ueaqhtvvelov,Missing Platform
8xb0taakeg8s,Missing Platform
mziyc4webgaf,Missing Platform
508emunrp6xu,Missing Platform
ztv0e85w2y4z,Missing Platform
7gefa3bkfeon,Missing Platform
x0jobbhwbqid,Missing Platform
cdsmtaf3j5bs,Missing Platform
de655zbewjvj,Missing Platform
q6oxbizlwul0,Missing Platform
5rjzga3vqyj3,Missing Platform
zih6fdxnh58h,Missing Platform
vn9tusr02h6z,Missing Platform
wc3mpmqez137,Missing Platform
0vn9l3b6apmt,Missing Platform
sm3x8jp7r0it,Missing Platform
mgpsew264lpt,Missing Platform
18nhyreziuar,Missing Platform
k7ddxctlpioh,Missing Platform
2d45rj7tcguf,Missing Platform
sn1e26zregfj,Missing Platform
0g3vtec5ep9h,Missing Platform
5cau14pbelot,Missing Platform
7h4ffwpkrezv,Missing Platform
nxpfw167c2gz,Missing Platform
es0f8osk56ho,Missing Platform
0q6phq2fj3fz,Missing Platform
3em7yzppc2zz,Missing Platform
l5chs6hyvuue,Missing Platform
nv4y4o6bl976,Missing Platform
7gzkyiqhiba6,Missing Platform
v207ym2fdk1y,Missing Platform
kcqbs6hxybia,Missing Platform
97q4vea49hyv,Missing Platform
0i40sv2aw072,Missing Platform
2xoqhwvjzh53,Missing Platform
1uj2nhqac6rv,Missing Platform
5xmdptgstfu9,Missing Platform
md77rt9u5s39,Missing Platform
m3z2dt341maj,Missing Platform
fsrql46c2ztf,Missing Platform
jzscvonh43nj,Missing Platform
12bsizig78rl,Missing Platform
lnqcthajtcog,Missing Platform
8b8lxdlmkug3,Missing Platform
kx4yxovyx8x1,Missing Platform
2wlyi7zbj6vx,Missing Platform
jjwnzvh7oibf,Missing Platform
ihcvmr0gnkxq,Missing Platform
azh5nyfp9c7a,Missing Platform
4rqnud1yef92,Missing Platform
4qw6jb6jofrp,Missing Platform
wp41rkvd85c3,Missing Platform
mqh0kb5kkuep,Missing Platform
pvoindo0eqm6,Missing Platform
gj6ekb3vubvz,Missing Platform
offnsfnhibih,Missing Platform
2ytsnesugnu5,Missing Platform
fuv6400siaox,Missing Platform
2ua7gagosr24,Missing Platform
wpcymv6cu2r1,Missing Platform
i38etejs8it8,Missing Platform
l6rd560xc2ii,Missing Platform
ubxfmia7iqt3,Missing Platform
61fk02hqt98y,Missing Platform
2d0bmv6gemfg,Missing Platform
g1ba2lx90d2t,Missing Platform
pyhw2wekdplu,Missing Platform
48ikojx6tpxc,Missing Platform
7f8t19zp4w8k,Missing Platform
sczsl6m3bpii,Missing Platform
jxxkz0a17psl,Missing Platform
rw1e6ulssglc,Missing Platform
hok7l9821jde,Missing Platform
k5meeoahb0ki,Missing Platform
g076gm6luqnz,Missing Platform
qaj3fxaelrdu,Missing Platform
efjtn0x1rdj5,Missing Platform
ohdt8jn032hd,Missing Platform
j0m0wakdv985,Missing Platform
vy9outubwc91,Missing Platform
77l4r8cjdni8,Missing Platform
j5ou67wkjy7z,Missing Platform
0ajt7ujece7w,Missing Platform
98n4ob2gehmi,Missing Platform
0jg97kyyjjz8,Missing Platform
ciqoodqmatxx,Missing Platform
6voc2l4s5w2o,Missing Platform
asgcaodc582k,Missing Platform
ruxviw7u8zbr,Missing Platform
jpgqf6h1xiny,Missing Platform
3y25yxewfzc2,Missing Platform
8jrj04pee839,Missing Platform
k9tvoyfmg8az,Missing Text Content
0eupqhh38ego,Missing Text Content
jhzjp26xujxh,Missing Text Content
bm0zjjwqdjdt,Missing Text Content
aq3dtllhs6dr,Missing Text Content
1fu318s17aoz,Missing Text Content
6ix3i5q2grjy,Missing Text Content
rcmwfuxl5rq7,Missing Text Content
62q3q1y4rvye,Missing Text Content
mqrwtcmg6k9v,Missing Text Content
6r49ob2s2vbd,Missing Text Content
o70j2gzc3kkw,Missing Text Content
3ch6y9e3s690,Missing Text Content
gk5cibsniuo8,Missing Text Content
r6ingldwiq0c,Missing Text Content
ehs3n9lrqr9j,Missing Text Content
72bz58dklygn,Missing Text Content
nz8czrlz3qh3,Missing Text Content
l9sufa2qoq39,Missing Text Content
r2luzx3rww5z,Missing Text Content
8wu09y0kp2y5,Missing Text Content
e950ev26le2j,Missing Text Content
5umvdso30omy,Missing Text Content
q4vycvxc7j5d,Missing Text Content
578yrlr62m8a,Missing Text Content
azdb8oyvk8lk,Missing Text Content
cvclgggjj20k,Missing Text Content
xrssjonbte05,Missing Text Content
1m6wzdgwwbig,Missing Text Content
ctkhzkbg4n2v,Missing Text Content
ojl7ks790lcq,Missing Text Content
e4tl74e3vvbc,Missing Text Content
je3gbdofy4kz,Missing Text Content
oizor2i4uknw,Missing Text Content
32q96asxexno,Missing Text Content
zbdtpsbpj6wo,Missing Text Content
szf4ouniz0a2,Missing Text Content
yfp9fzs1jxqq,Missing Text Content
jhwt9jjkz4kl,Missing Text Content
6odelbas5gb3,Missing Text Content
u7b43k6hv31q,Missing Text Content
sug94vpeid03,Missing Text Content
drb9cq0guxgb,Missing Text Content
b4i8uw7ki09d,Missing Text Content
ftxtlg06kqys,Missing Text Content
dx72hhyhon2t,Missing Text Content
l0jhvojscmb3,Missing Text Content
ah0vkl0ms2a8,Missing Text Content
43afx599n84s,Missing Text Content
p0yt0znufpf2,Missing Text Content
7sfrzmeu34av,Missing Text Content
445454q0faf2,Missing Text Content
w89ng3lkf85x,Missing Text Content
4jkni1yll19l,Missing Text Content
etahzxz17hp4,Missing Text Content
4wgyvmcpwvrn,Missing Text Content
85tvo13irycd,Missing Text Content
tzsnv6b8g0xa,Missing Text Content
9g37z3k4l3d6,Missing Text Content
f3ahqhzbf1yl,Missing Text Content
whcxnsz3rcai,Missing Text Content
vwoqpsjklbnw,Missing Text Content
i06x69igbbqz,Missing Text Content
ce5950f7bpfo,Missing Text Content
r80yt2b863rn,Missing Text Content
45x8ehv3h5q1,Missing Text Content
zuzfgungtyxu,Missing Text Content
l8wd39ogwds1,Missing Text Content
61qazg2g60e6,Missing Text Content
mu8rfvj5zsgp,Missing Text Content
wh9f5vb2chii,Missing Text Content
l6ujw7foc549,Missing Text Content
303dccsd9cz1,Missing Text Content
ycvqqz5a61jx,Missing Text Content
53c29q73dd8i,Missing Text Content
wikn6591x7oq,Missing Text Content
d8h76gv45i4o,Missing Text Content
5coyob348lyj,Missing Text Content
su52e3drey7l,Missing Text Content
cwyzpqarpmha,Missing Text Content
1az9s3lkrlhn,Missing Text Content
sfcwvqz9nesa,Missing Text Content
f5jhp0ymxz1a,Missing Text Content
infojf6ju3b4,Missing Text Content
r9q1kcrz4ay3,Missing Text Content
fno8esjfbyfb,Missing Text Content
nmfva7nd5a1v,Missing Text Content
lty26gmrwj0l,Missing Text Content
e6fl2yn5ajkn,Missing Text Content
ctf6o2xxt2n5,Missing Text Content
9wks2f2k5j0m,Missing Text Content
t04b86p83ojw,Missing Text Content
d526770zi8bs,Missing Text Content
rtwvyr38okpy,Missing Text Content
h6oal6ha2zsa,Missing Text Content
dih8lt0p4ko1,Missing Text Content
w1vlu9xld1nr,Missing Text Content
z1ck5zi2ipfg,Missing Text Content
6ztchwuavkt5,Missing Text Content
22nputnjl3r1,Missing Text Content
jkrkmjsftmb0,Missing Text Content
t99vube0sz03,Missing Text Content
eomoaqn65ek2,Missing Text Content
tn26mqelybtq,Missing Text Content
20rs8ipt177d,Missing Text Content
g7187rqiyy8p,Missing Text Content
zxodd429icf9,Missing Text Content
rgn9abvr4jud,Missing Text Content
63x4aogntu1f,Missing Text Content
rd43adevuxb5,Missing Text Content
mx6rzoa5ry2l,Missing Text Content
7rcoigalvui5,Missing Text Content
15tdsbl4r9n5,Missing Text Content
0jwozmpxf3bo,Missing Text Content
fboz29xct0i5,Missing Text Content
v7t3qky7tgfi,Missing Text Content
86ebsz8kvswz,Missing Text Content
gltrjucs6jts,Missing Text Content
tgic83isbmk3,Missing Text Content
stu1v4qpc244,Missing Text Content
wqornja6qvb8,Missing Text Content
6f57t2hh2h52,Missing Text Content
7abno9vhz0vp,Missing Text Content
dhdck67catfd,Missing Text Content
puvgnxrkh2fi,Missing Text Content
5fy0yeq1p786,Missing Text Content
dbbeuujfkwbz,Missing Text Content
yyiviycimmrl,Missing Text Content
yk4oevhb9y2n,Missing Text Content
pt4ejuuqs8ep,Missing Text Content
z6gpopvx3l4m,Missing Text Content
9gw6owz1g156,Missing Text Content
46oxf1dz4twp,Missing Text Content
auj1ixftg8xw,Missing Text Content
obvlejdhig5r,Missing Text Content
kj4glrqpg3iw,Missing Text Content
90pmfslem5ta,Missing Text Content
oc419cj7ec3x,Missing Text Content
87cl0xynmhnd,Missing Text Content
ypoxja7by9a8,Missing Text Content
45yhpnrhv662,Missing Text Content
m40g61bkysaf,Missing Text Content
5ldw7kgv1mtd,Missing Text Content
thsb2hnmwk3k,Missing Text Content
97f00yr8d4bm,Missing Text Content
ldtf6vtu6e7s,Missing Text Content
tzp7zh6z4g3o,Missing Text Content
xd0f6u9haywu,Missing Text Content
xj9ku39j30tr,Missing Text Content
9yjkobm8o7nb,Missing Text Content
n1vlrfd2dycn,Missing Text Content
96sojs0p46r3,Missing Text Content
o3ar9qi1340x,Missing Text Content
v3yp6r70r0me,Missing Text Content
yjkeysmq6nf4,Missing Text Content
6ypafhjdrad8,Missing Text Content
vda9s6cd1zth,Missing Text Content
f4t7p7obkckv,Missing Text Content
hxiutm6017kr,Missing Text Content
gl6fmkwu7tnr,Missing Text Content
s49vm66xzdcl,Missing Text Content
cgxkudgie03t,Missing Text Content
n11tonvmip8s,Missing Text Content
mjq0gn8anmf5,Missing Text Content
ate9zio3oavc,Missing Text Content
wc5we1qu67ul,Missing Text Content
92hw75ynjoye,Missing Text Content
ri8zv8lk9ggb,Missing Text Content
k19pd6rhw5yl,Missing Text Content
m58rx7hybmnk,Missing Text Content
qh2jd0o3zjya,Missing Text Content
80lwkowxaay9,Missing Text Content
gq74er5li8el,Missing Text Content
ncnaf9hfl2u8,Missing Text Content
0xem50kn8eta,Missing Text Content
vscbvxbblg8j,Missing Text Content
3smmz8ca0ign,Missing Text Content
pfsqdtujllb4,Missing Text Content
f7wowq105bz3,Missing Text Content
ipwkzzpnfi6n,Missing Text Content
fbxatveeadgk,Missing Text Content
rhz2igehfwam,Missing Text Content
coqgtetslidy,Missing Text Content
70ehr44r0sii,Missing Text Content
d203bfgn5a1h,Missing Text Content
vyw4n4c74rnp,Missing Text Content
dz2opflbylvd,Missing Text Content
s98oj0hhzjvk,Missing Text Content
9xf8ihdzno7z,Missing Text Content
s035qn2lxzy7,Missing Text Content
zsyebnv6zsl6,Missing Text Content
tguzbmhap8cu,Missing Text Content
w69tmytiy4kg,Missing Text Content
8scllfu4m3l2,Missing Text Content
aa0o8sys9i8h,Missing Text Content
rdwwj6g2ftcg,Missing Text Content
garppv6p5ne0,Missing Text Content
g6szdqzq0jsy,Missing Text Content
j9j2jvp3b891,Missing Text Content
qj0o6qf0fu31,Missing Text Content
c48cw2i9vy1q,Missing Text Content
8h5gtwsgpmqm,Missing Text Content
p3q89sf8bmm4,Missing Text Content
rxa2fjgfcv1h,Missing Text Content
4p52kebjl5rg,Missing Text Content
vold4i5j4xel,Missing Text Content
v5fwuy7u7xbn,Missing Text Content
q6rh1unrs6m7,Missing Text Content
ca0dmavsu2zy,Missing Text Content
oxs2auqxilro,Missing Text Content
u3rtix0covh9,Missing Text Content
lx093kpev3v8,Missing Text Content
a3i2v1pjyh6g,Missing Text Content
c3vogzdcz55z,Missing Text Content
j7bm8hk4a7oj,Missing Text Content
pqb7t0rbva7z,Missing Text Content
ryj9q3cqhblk,Missing Text Content
ow4bzw3s2rxa,Missing Text Content
mmup4o9qkdbu,Missing Text Content
k9itajylbpop,Missing Text Content
cxjp9jm0bsgc,Missing Text Content
uvspr2f9um0m,Missing Text Content
g2b1jv6l7ud1,Missing Text Content
lzkwi8xhmpyf,Missing Text Content
r4611t3xfd2s,Missing Text Content
vnkuqrqsbixz,Missing Text Content
ivi7l6pm8yym,Missing Text Content
axx6im4p1ocj,Missing Text Content
q46pn1ex74w3,Missing Text Content
deatz6x01xie,Missing Text Content
h982scso4b3z,Missing Text Content
d4hsiytjenbe,Missing Text Content
aw1rk2cnq396,Missing Text Content
0cuss3rzdxb5,Missing Text Content
3bqu7tkldq82,Missing Text Content
uwobd6p1r7ro,Missing Text Content
m46wdvgz1l9r,Missing Text Content
apgduuvgzfas,Missing Text Content
ryqiul8et81d,Missing Text Content
h6tkkc6f7ffv,Missing Text Content
kj3e2mc7xjdx,Missing Text Content
r1t9zch77478,Missing Text Content
insiib05z27t,Missing Text Content
7ejflsiet3nv,Missing Text Content
qi39ncr8jv8e,Missing Text Content
fxuh3zd6rgyb,Missing Text Content
jizcpdv8983j,Missing Text Content
d6u5g1xw26k1,Missing Text Content
yd84bja2m6m6,Missing Text Content
i3yznh2gmwau,Missing Text Content
o7su5sd2uuna,Missing Text Content
szxi5vdx7tmv,Missing Text Content
5xi2xsdvz9u9,Missing Text Content
oq6lvi7jpqgr,Missing Text Content
63056c2apju8,Missing Text Content
tkuj2tksujmz,Missing Text Content
veeq9uv496nn,Missing Text Content
pvehjznislj2,Missing Text Content
id16ki0gjb6q,Missing Text Content
ofy23g73xdaw,Missing Text Content
er3eq7d3bq1j,Missing Text Content
wfj3amm7bz5r,Missing Text Content
cw0zjr1tfwdd,Missing Text Content
o3eb1ucslspx,Missing Text Content
43nfobulxdbt,Missing Text Content
7j0n4mixfxdz,Missing Text Content
jn4mkdyl7sx5,Missing Text Content
srlfgpbprp6p,Missing Text Content
fmphkrxd2aoj,Missing Text Content
6tild8b4xlhr,Missing Text Content
p913co3cnki2,Missing Text Content
mkuert4jjydx,Missing Text Content
b1kzeui6ceqi,Missing Text Content
ppsen2tewm86,Missing Text Content
ko87rn3m60nw,Missing Text Content
6vn5uvy795fu,Missing Text Content
vkz2ukxtpl7n,Missing Text Content
ewxru67jqzbs,Missing Text Content
drb9cq0guxgb,Missing Text Content
hfmuc05wlbxb,Missing Text Content
1ql0l3q98lsq,Missing Text Content
oide7g2x1egx,Missing Text Content
ve9z97xcryjq,Missing Text Content
4azzeu01q0b3,Missing Text Content
v797zddjilka,Missing Text Content
hn7qe2v2z1db,Missing Text Content
kav2chyjlyfh,Missing Text Content
hm9najmz5gh1,Missing Text Content
tppernbvj4ez,Missing Text Content
g6kny5hr6a6y,Missing Text Content
r51vv9jhgbgw,Missing Text Content
dhlbnlvnnowv,Missing Text Content
x7klnf8awr3u,Missing Text Content
jp0c79yp9jun,Missing Text Content
aq5jhcc81sp6,Missing Text Content
yj8vx26pxjxc,Missing Text Content
lpphju96oad0,Missing Text Content
ibqiblbatfo0,Missing Text Content
ok3jk5tx90uj,Missing Text Content
y5zc0f1i80cm,Missing Text Content
6fc6g2sj005q,Missing Text Content
u4s98xp2ng1c,Missing Text Content
en8lkg0j1x9d,Missing Text Content
rfbathhy8rf6,Missing Text Content
idmjp9tq9f6n,Missing Text Content
rabdw1zlvr3j,Missing Text Content
7apekl8y7yqi,Missing Text Content
94rkijw13vuu,Missing Text Content
feha98ib4972,Missing Text Content
qhb8a6en6fxx,Missing Text Content
4up2ql57io9r,Missing Text Content
ygs07iaxzx2x,Missing Text Content
2ruev4e9q1np,Missing Text Content
u4o0q2ji0qjf,Missing Text Content
qzp257ozu9rw,Missing Text Content
7i8oqb8ipdzz,Missing Text Content
ntnsqotvs0qv,Missing Text Content
97q70x9xzo6w,Missing Text Content
xfyew0tkzsp6,Missing Text Content
vkmervg4ioos,Missing Text Content
e0b3qxl4ct5o,Missing Text Content
vtv4pbr4pipx,Missing Text Content
2hd7a8dywg04,Missing Text Content
te5imuh85xbn,Missing Text Content
qy1x8sedqi8e,Missing Text Content
dbmorc3cdjjo,Missing Text Content
0ip3q0dogpji,Missing Text Content
nsuhqdmwwfdq,Missing Text Content
97q4c8494olm,Missing Text Content
8149arf374eb,Missing Text Content
rqzvy4uqqmyb,Missing Text Content
7qc45wz0mx0c,Missing Text Content
tikwkxp6fj44,Missing Text Content
mu9oqsh8bx90,Missing Text Content
bi29nfmxdtvo,Missing Text Content
ks4hf2ck3wf1,Missing Text Content
qgvyvaqkq1pu,Missing Text Content
4pbydr4xzr0w,Missing Text Content
g8a2k4to0yrw,Missing Text Content
esr58nns8b23,Missing Text Content
flsoiy7uy2lm,Missing Text Content
zti85slwvz5x,Missing Text Content
toryyxfdgwdk,Missing Text Content
ujlrhkj9uhbz,Missing Text Content
9vvoe48q8vv9,Missing Text Content
uymn9gk8kyn8,Missing Text Content
cokg98vg9n9g,Missing Text Content
rrgekhp10iwo,Missing Text Content
xgp76h638z4b,Missing Text Content
guocl6ixt9n6,Missing Text Content
0tdduled5a8t,Missing Text Content
s5y729mnzcvr,Missing Text Content
r7n3gzy9wtfo,Missing Text Content
slz6ny74buau,Missing Text Content
8f50cs0kbb3s,Missing Text Content
ku0q9uoesmo9,Missing Text Content
rs2zgf5snf24,Missing Text Content
glszo55tc0p6,Missing Text Content
tqelzfxyhunt,Missing Text Content
nuos5zc7ty1o,Missing Text Content
2gpq0g7tf9fj,Missing Text Content
09ovsd17xboy,Missing Text Content
h3adxulfuls5,Missing Text Content
obqhlzki202y,Missing Text Content
4gg0jk2byhz1,Missing Text Content
83okivlmn900,Missing Text Content
4rr6jfxgshgy,Missing Text Content
8xiqiupcvllg,Missing Text Content
zl5fzkzkci7a,Missing Text Content
3hg56funoqgu,Missing Text Content
tba9ny4f42qr,Missing Text Content
rzwmsmj5wmlk,Missing Text Content
fcb4kfwdy8g0,Missing Text Content
h03dprdsxb4t,Missing Text Content
rn7cjvisxkd9,Missing Text Content
olj3lwzmgubx,Missing Text Content
ef39lbjwkv2d,Missing Text Content
dmdchd3bxxly,Missing Text Content
33qxyn43eagn,Missing Text Content
oewbjztfm4lj,Missing Text Content
4p7oj4wjlgi2,Missing Text Content
myvsi439kr9h,Missing Text Content
jmwnvwjfw89j,Missing Text Content
6xd1ve5yr3g3,Missing Text Content
xif9burfnft1,Missing Text Content
v1d3v6lqz5w8,Missing Text Content
68uj0gvw5xxk,Missing Text Content
8wko4u6dufn3,Missing Text Content
3ylmrrqapwe8,Missing Text Content
c9ql6t91kle6,Missing Text Content
tqw0wgyxey8a,Missing Text Content
ib1a4n09l99i,Missing Text Content
jltvu6fcrb4f,Missing Text Content
bvbh514sg08a,Missing Text Content
a08efu09mupa,Missing Text Content
j2kkweywngsg,Missing Text Content
7n6xitn97gsd,Missing Text Content
850efdykrfef,Missing Text Content
n4rptdqsbz3n,Missing Text Content
yphrtxn4ck0v,Missing Text Content
alotjeclk21w,Missing Text Content
i1ac8qkl84zo,Missing Text Content
7dd3r9r5iq6v,Missing Text Content
zuemptlbk01x,Missing Text Content
hnxkp7zh8aza,Missing Text Content
nrysftze7pth,Missing Text Content
90ggbripv5nk,Missing Text Content
slpb7sqaekwp,Missing Text Content
1ql0l3q98lsq,Missing Text Content
rwv02saiyt9x,Missing Text Content
e9gw1apcg4l8,Missing Text Content
q5xf5onvjpk2,Missing Text Content
aok4f20n0ztk,Missing Text Content
6v5kdqqsj4pn,Missing Text Content
tx93pqpmncfg,Missing Text Content
fh6ill81bsv4,Missing Text Content
v1r3mlkdffuc,Missing Text Content
gfan3jwasf11,Missing Text Content
yut8tl3yuup3,Missing Text Content
0xytg6ityrle,Missing Text Content
dud50c64dj9s,Missing Text Content
tnupxexi8ddo,Missing Text Content
8jon99ex6797,Missing Text Content
x09hr0yi9l3b,Missing Text Content
losh5qez191l,Missing Text Content
10nakoo55xgz,Missing Text Content
epfq1vsb51u9,Missing Text Content
v6zmtgn6zuvd,Missing Text Content
4eyl0q7k6aad,Missing Text Content
blpkj783dnfh,Missing Text Content
4wzfxzdzg1sq,Missing Text Content
dk8e8aubktmi,Missing Text Content
f7wlw91c87ms,Missing Text Content
wdpddpj5hwh1,Missing Text Content
99li6q519mhw,Missing Text Content
u72o10epbkkg,Missing Text Content
lakrjacpr8go,Missing Text Content
tmbhmplxmj6y,Missing Text Content
k51dwl4nlmnb,Missing Text Content
1clymqlweg6t,Missing Text Content
vckfqg6mejcn,Missing Text Content
7t0uq8e11ixk,Missing Text Content
z5vbqs1azhl1,Missing Text Content
qej4pxx7pfxh,Missing Text Content
xnwhvc7kdp2r,Missing Text Content
u6mh6myrb1vn,Missing Text Content
mqys1vot0529,Missing Text Content
d79p0a72a4jz,Missing Text Content
d7peslszexqj,Missing Text Content
t6p1lidchv2r,Missing Text Content
qvutd4mwiwco,Missing Text Content
20ssuywi0wjg,Missing Text Content
ji85kbs5z2o6,Missing Text Content
3uzuwys03wpx,Missing Text Content
coy37mu7h5t6,Missing Text Content
7dbm0oyob5xl,Missing Text Content
42ainoescao2,Missing Text Content
gccv6ksj4mpy,Missing Text Content
d1se09wf5uvn,Missing Text Content
88o8pfyrailp,Missing Text Content
0vs2xlm1sb7w,Missing Text Content
bar81tnbcdf9,Missing Text Content
orcdg4g62r0b,Missing Text Content
p69wj9l1blco,Missing Text Content
c39gz6m8800b,Missing Text Content
9krafzlpumh7,Missing Text Content
onr2ekjn7cko,Missing Text Content
l6vah9l65f1e,Missing Text Content
hfud2wueuarq,Missing Text Content
tls0sjuejl0s,Missing Text Content
ril6xl0uc850,Missing Text Content
4fzv6f2e4sji,Missing Text Content
6cujtdjev94q,Missing Text Content
a706ar4az93n,Missing Text Content
r3kek7n9shci,Missing Text Content
y5evhbk0zev4,Missing Text Content
djwr2rbpc2vj,Missing Text Content
26jfn70y7k2v,Missing Text Content
juom30zyq706,Missing Text Content
pkd0ccl52uhy,Missing Text Content
ckl9bc37lqze,Missing Text Content
t2ld5skjql85,Missing Text Content
z0bikulckj9f,Missing Text Content
51nnr62ij872,Missing Text Content
qeujvnx0ymrb,Missing Text Content
87mthryi7vfj,Missing Text Content
l0o45lahh7ax,Missing Text Content
2ka74a1g5rre,Missing Text Content
0cdpaj66lb65,Missing Text Content
mdtkrqkk10ev,Missing Text Content
nt6ksezyikjc,Missing Text Content
67hfmhzot7pd,Missing Text Content
408bzqdj77y1,Missing Text Content
2rs1tc7lma4r,Missing Text Content
zxli0le1yb4k,Missing Text Content
9uxwwh0t6pks,Missing Text Content
83ku5lrjczqp,Missing Text Content
0om2wpws24yk,Missing Text Content
1ld37wn4xjuq,Missing Text Content
811uumfseh9g,Missing Text Content
9mjamcfznf9e,Missing Text Content
n0d68kdsm2zj,Missing Text Content
3v1q2qodpdb6,Missing Text Content
v84moq3jxfik,Missing Text Content
6ftzxqszjo8p,Missing Text Content
1otafpvqnbw6,Missing Text Content
72vl70aiuy5z,Missing Text Content
cukjcx9lm8yl,Missing Text Content
mo3rc5w9dhj5,Missing Text Content
ilj6ffjr7d5u,Missing Text Content
zo5fj93fr8hv,Missing Text Content
b5qcmma0pulh,Missing Text Content
v8bn1sr66mch,Missing Text Content
1wr15fx77vzc,Missing Text Content
d9bjxk1qvr6c,Missing Text Content
80lxpokl2n27,Missing Text Content
moiv0rqq59r9,Missing Text Content
idv1xbhqz3ye,Missing Text Content
olr3mk5ntw3m,Missing Text Content
lgz4nvhaqhy9,Missing Text Content
ovmq0hwtyfi2,Missing Text Content
1l4z4j1r1x4q,Missing Text Content
4a4q2xquvp01,Missing Text Content
bwy513qctwzf,Missing Text Content
bf6ygk281vj3,Missing Text Content
jsi1yd9w74vo,Missing Text Content
hk45gamhb3ch,Missing Text Content
djdkit4n0rt1,Missing Text Content
tmcgvk0nbo91,Missing Text Content
2vnrlqhhwhwm,Missing Text Content
65bw1hbkoyxy,Missing Text Content
n91fe79afzl7,Missing Text Content
thsb2hnmwk3k,Missing Text Content
5xvbub4uaec6,Missing Text Content
8lmxkdq4d3h7,Missing Text Content
22g96ac6xxzj,Missing Text Content
116ghobtq2eh,Missing Text Content
93hshew3xou1,Missing Text Content
ahhzdad0rq0o,Missing Text Content
jlctpziut4i1,Missing Text Content
jjx25zn74zkp,Missing Text Content
59yqvup2axhe,Missing Text Content
7r03vn681z1s,Missing Text Content
ejrben8tqgtx,Missing Text Content
zplv8x5bam6m,Missing Text Content
ug92db7d35dn,Missing Text Content
d14ralb4k749,Missing Text Content
59abuc3dnqdp,Missing Text Content
g0lvz4f3kipc,Missing Text Content
c6fkok2s9341,Missing Text Content
0osrjtht3sey,Missing Text Content
3pbemyf3wz7i,Missing Text Content
tnupxexi8ddo,Missing Text Content
b65wvx672jro,Missing Text Content
zo5fj93fr8hv,Missing Text Content
45r970780tm6,Missing Text Content
l660jvoqs7me,Missing Text Content
cteq2rm2tph1,Missing Text Content
dbkrgpdjnc8m,Missing Text Content
2lgm8f2w0k0b,Missing Text Content
w890u77ytxbh,Missing Text Content
pc8z2vyrnhp5,Missing Text Content
b8z0lrm7yvlv,Missing Text Content
sfcwvqz9nesa,Missing Text Content
zd9zbj6sxqko,Missing Text Content
vcwx8mc9gobk,Missing Text Content
1yfjrjgbhwyi,Missing Text Content
5xy9710i57i1,Missing Text Content
fhi9l09edoxe,Missing Text Content
uj57rom54nv8,Missing Text Content
0cuss3rzdxb5,Missing Text Content
4ejidn4bwbkg,Missing Text Content
jghaya9ly0yl,Missing Text Content
f0g70rrkc0pz,Missing Text Content
n9n9qq7msxiv,Missing Text Content
6j93v6dndizt,Missing Text Content
qk3s5xmbchcs,Missing Text Content
2nrwqkwpkrvd,Missing Text Content
f8xrc6p9fv34,Missing Text Content
riyvv82tb4js,Missing Text Content
s5axnr95ye13,Missing Text Content
2xxotjb9j4wc,Missing Text Content
86i19zy3meah,Missing Text Content
si4bp89euev7,Missing Text Content
fs6su19vpqnl,Missing Text Content
ioag3lv0ccz4,Missing Text Content
uw1tv62fv8fn,Missing Text Content
12iuhiatl0p0,Missing Text Content
7t0uq8e11ixk,Missing Text Content
ril6xl0uc850,Missing Text Content
na8568eeamzf,Missing Text Content
rwuusici2l26,Missing Text Content
beolruxfq1yf,Missing Text Content
yvnb01iaiamd,Missing Text Content
d4wnja76t2j6,Missing Text Content
bagagkg2qxsf,Missing Text Content
cwaisgl25d63,Missing Text Content
sf602m2cko5b,Missing Text Content
25j1lgox1bbb,Missing Text Content
2a5gpx7c5p8s,Missing Text Content
rurjr35nqprk,Missing Text Content
zigv959xwgog,Missing Text Content
q4d3l5ca0b0p,Missing Text Content
wsaniems66sk,Missing Text Content
twrtcfkeb8vg,Missing Text Content
6v5kdqqsj4pn,Missing Text Content
gi8atv2iwkoy,Missing Text Content
ntkjd2gtrnoe,Missing Text Content
rm98314ptb3p,Missing Text Content
mffuvmicw4nh,Missing Text Content
w2e65hja15gp,Missing Text Content
t1nn8sxm59hw,Missing Text Content
xz0b3fqjb8jk,Missing Text Content
d8ntdumma7j2,Missing Text Content
8c1nixyso0f5,Missing Text Content
uc1r47zt21be,Missing Text Content
ipwkzzpnfi6n,Missing Text Content
j74r6szuob9x,Missing Text Content
7ybvc1fg84ri,Missing Text Content
hg0mmastdmpu,Missing Text Content
due64pj7mppm,Missing Text Content
hcnjs6er9lo0,Missing Text Content
0sbx1imrs952,Missing Text Content
tnrc3sg2ta7v,Missing Text Content
dsdlm8eceles,Missing Text Content
7ytedj7xhl9y,Missing Text Content
5k6s6r2fuuxf,Missing Text Content
scwphxtck3xr,Missing Text Content
zyhgq7gnezol,Missing Text Content
u2ii5srr1efq,Missing Text Content
9nk1kd3l6r3f,Missing Text Content
oj8712220fst,Missing Text Content
7123me6bi9sh,Missing Text Content
dcn4gxvn0cnk,Missing Text Content
u9rqsmqg4pl3,Missing Text Content
re1abk5qxx5m,Missing Text Content
x5dz472t0duv,Missing Text Content
ne1t2dcmgnuq,Missing Text Content
vlrglme8krun,Missing Text Content
agi9ttr645ff,Missing Text Content
8ljh9k0rb1ue,Missing Text Content
c3h4sv0kb9ul,Missing Text Content
jom5tua7beu4,Missing Text Content
ivi7l6pm8yym,Missing Text Content
ev97eb8rccka,Missing Text Content
qb4ph1z4xp1q,Missing Text Content
jbuvanpas641,Missing Text Content
u5vp0zmgdch2,Missing Text Content
yrisu569ea8y,Missing Text Content
ausz0u32ojzp,Missing Text Content
o7438y034im7,Missing Text Content
yreyybmhi0hj,Missing Text Content
aon1yspmrgw8,Missing Text Content
53w09m28wru8,Missing Text Content
dz0qnp553j5o,Missing Text Content
2uwytnwuxoob,Missing Text Content
r07stxmdzhno,Missing Text Content
utrz1mq0p748,Missing Text Content
rhgnxk8dnqou,Missing Text Content
ra1828xx0jxx,Missing Text Content
obkk56gf4cu2,Missing Text Content
yi4rb4p640wc,Missing Text Content
1ttfpp9yxrz0,Missing Text Content
kd8zdhbl2nzs,Missing Text Content
hh1qevarqf3p,Missing Text Content
cgqg0n07jwr0,Missing Text Content
jhh88g4dvdvd,Missing Text Content
wfa3xrtffa0b,Missing Text Content
u3rtix0covh9,Missing Text Content
j96ykjbpfuwc,Missing Text Content
rl8a1bc9unjw,Missing Text Content
1eqgzq9pbjn4,Missing Text Content
idiyar3l4dao,Missing Text Content
0c8unoxugi1t,Missing Text Content
d6gnv4urecfk,Missing Text Content
qgm2e7czpxpo,Missing Text Content
us0osl16vqhj,Missing Text Content
3tnj7ecm3yab,Missing Text Content
s98oj0hhzjvk,Missing Text Content
ytopk3krfkbv,Missing Text Content
br6r983z1bqs,Missing Text Content
8zu9lywk6ikh,Missing Text Content
1prldm3ffx0h,Missing Text Content
g4rzbm0uef7m,Missing Text Content
0fqilquotabt,Missing Text Content
2l3r8q1yk57z,Missing Text Content
gxgtcushlj4t,Missing Text Content
0pkpgzjyo0n8,Missing Text Content
oy9v1cq86mv7,Missing Text Content
4fuzmv14pn9m,Missing Text Content
98flidapxyff,Missing Text Content
kmrqe0tzpnqd,Missing Text Content
um5whgw9c4m6,Missing Text Content
wn9ped99l3ie,Missing Text Content
z45puwuflz5z,Missing Text Content
j46ma0hf4i76,Missing Text Content
bonuz2ud58by,Missing Text Content
cq17jvdvxyp1,Missing Text Content
fp0lztr6etmv,Missing Text Content
fuogm8opf1ms,Missing Text Content
izvqcs361zaf,Missing Text Content
iah7xlj72bvo,Missing Text Content
qv015yfhrree,Missing Text Content
qiju2mcnpmue,Missing Text Content
79ae4fdprcfq,Missing Text Content
s9bf9gw7vwjm,Missing Text Content
glcyxw0x8hs2,Missing Text Content
vkqnraz2y96b,Missing Text Content
ys99ev0eoiw6,Missing Text Content
bg4ct3qq6rqh,Missing Text Content
ujp4nm2mhmic,Missing Text Content
asuhat6lc6jf,Missing Text Content
lo0axdji0ct4,Missing Text Content
ljqqe9k52s3i,Missing Text Content
lp3pjytnfbfb,Missing Text Content
20sikdr9z41z,Missing Text Content
vw8kmdj52wvn,Missing Text Content
ho0vg6meyigb,Missing Text Content
00pk8aa72o8x,Missing Text Content
p4xdk9fg9z4m,Missing Text Content
35oxb6qhailn,Missing Text Content
7udzi96kx7vq,Missing Text Content
rkjwqolxwgsv,Missing Text Content
3pibm33jq7yl,Missing Text Content
us27c5zmybqo,Missing Text Content
eoedcj4pj6x1,Missing Text Content
jvxrle7ins6x,Missing Text Content
je3gbdofy4kz,Missing Text Content
8to2uz5n9zkk,Missing Text Content
sa2hds9qskj0,Missing Text Content
ucxe3clns12c,Missing Text Content
cmplcz36y5ts,Missing Text Content
mbx4ox4vhdg0,Missing Text Content
fpcy96rliufs,Missing Text Content
5yrz977woyjt,Missing Text Content
0aub8mhz0kzw,Missing Text Content
yy20ipnzm195,Missing Text Content
x7exp1hsicud,Missing Text Content
vv0e8dc0cajc,Missing Text Content
i1xehl0hlhwi,Missing Text Content
thzcydorav8u,Missing Text Content
29u239rq571j,Missing Text Content
jnl9q6kgavd8,Missing Text Content
616z4clcykfn,Missing Text Content
4rfxs3t0u643,Missing Text Content
w3d7gn48vptd,Missing Text Content
7ja6m85z74e8,Missing Text Content
kxhny4c3fpbc,Missing Text Content
cdh0qxrvba23,Missing Text Content
9mzory8y22qk,Missing Text Content
bs33hepr5e2k,Missing Text Content
fdedggldxvj5,Missing Text Content
j29c00r7zj4f,Missing Text Content
51lk0kam56ur,Missing Text Content
54yxcnftnvi0,Missing Text Content
837h0cy7tagi,Missing Text Content
jq3ff3gvytrf,Missing Text Content
ctllvcapl096,Missing Text Content
slkyvf9pb8ue,Missing Text Content
msrjl1fqw9gl,Missing Text Content
w5nl0j2k4brm,Missing Text Content
ifsfzs5yaxla,Missing Text Content
5eaerr5iodi9,Missing Text Content
c02h5ftiauqc,Missing Text Content
kd11iqdm3m01,Missing Text Content
ut2ap82duhyo,Missing Text Content
vx0vykyet1vx,Missing Text Content
scnqt1yt2tlv,Missing Text Content
yk4oevhb9y2n,Missing Text Content
w9vvkhl1qtrd,Missing Text Content
r62gkyyjxa92,Missing Text Content
y06x6frwbyku,Missing Text Content
6mdlugkjtgmh,Missing Text Content
c5u3fxf601zz,Missing Text Content
uz9777qalkcj,Missing Text Content
wbyt7wpmfb01,Missing Text Content
tguzbmhap8cu,Missing Text Content
4t1ga6lnede3,Missing Text Content
rnlr8ydkbx86,Missing Text Content
014e8jqloj6h,Missing Text Content
4d3usqddtur7,Missing Text Content
zi23uxjnequo,Missing Text Content
qqm91pb2huka,Missing Text Content
d6yw8suammlj,Missing Text Content
ehx5wzt5yshl,Missing Text Content
ksqyjegi7eji,Missing Text Content
kxxkdnmrsgv8,Missing Text Content
ku97ejhywmjr,Missing Text Content
0a0dyqz9ycbi,Missing Text Content
lt02vaaot9da,Missing Text Content
tuxhxrjevre4,Missing Text Content
g505his108gy,Missing Text Content
h80lc9oco3as,Missing Text Content
63py8hcjh5tj,Missing Text Content
oi36il3r6inc,Missing Text Content
z5xlwznbck13,Missing Text Content
7yfocutpbvsw,Missing Text Content
8gnuaxagaycz,Missing Text Content
8uxk6g9euou6,Missing Text Content
4u3loy5f7yyi,Missing Text Content
9pd9z9gv93co,Missing Text Content
brqu8ynx0iiq,Missing Text Content
sxvxzccy4dqd,Missing Text Content
lbnid1pbka7n,Missing Text Content
pvtv6ekjgzhm,Missing Text Content
l5he32tlfotn,Missing Text Content
a3gdqrcelqok,Missing Text Content
957kh3m2sj18,Missing Text Content
0ydedl9mfdm7,Missing Text Content
rsz55kun9gon,Missing Text Content
ohu1o1gixzy6,Missing Text Content
v6mf0egup7e5,Missing Text Content
hqbhve2p0fby,Missing Text Content
92f6k7hldtxy,Missing Text Content
l2cpdr97lgs3,Missing Text Content
ux06ja7stga6,Missing Text Content
qbvbavjv4et1,Missing Text Content
qogfwv9lnuoc,Missing Text Content
3zfxy5r259yc,Missing Text Content
kgbgjq1z4wtf,Missing Text Content
jhukmuhtnp8w,Missing Text Content
h7ov2cekgwrf,Missing Text Content
v8lt5y5srtjk,Missing Text Content
5qefisxf26sy,Missing Text Content
o996kw2stl4o,Missing Text Content
ut2ap82duhyo,Missing Text Content
iayiqhieme0f,Missing Text Content
noddvwv8n0x9,Missing Text Content
pumyf1d2lmhc,Missing Text Content
uabzerorv4io,Missing Text Content
bihcdcnxpp4p,Missing Text Content
1bqschzzr8wv,Missing Text Content
5bqrc1ogu3b5,Missing Text Content
29dd2pseltmx,Missing Text Content
7gpq7hv4ep3t,Missing Text Content
k0p02j63hp0r,Missing Text Content
r7n3gzy9wtfo,Missing Text Content
6vb3mob6fvpu,Missing Text Content
k8epn5quqth6,Missing Text Content
cgls944pkmaa,Missing Text Content
r3nzsjwia837,Missing Text Content
1g8v5n3qow5j,Missing Text Content
oqcyfv558nvh,Missing Text Content
afj3rfli2kvc,Missing Text Content
unhwqfo724ec,Missing Text Content
bxpmryjmj608,Missing Text Content
k5k49koyxzck,Missing Text Content
jj3vye33mdiz,Missing Text Content
l201utl711an,Missing Text Content
g8q4v5tztfsj,Missing Text Content
9gw6owz1g156,Missing Text Content
i0g76p2hdn06,Missing Text Content
c586ntv563qg,Missing Text Content
15pn1p1akccb,Missing Text Content
97hhk4ph5gqw,Missing Text Content
1x7tgm63hfrj,Missing Text Content
9v8dn8fn2u0r,Missing Text Content
c17de0m9az6z,Missing Text Content
7n6xitn97gsd,Missing Text Content
ly4sgd2p2cw7,Missing Text Content
gkjeivaepb7w,Missing Text Content
xe5p8rhf0k7z,Missing Text Content
9842l4ma73o6,Missing Text Content
oa7znkauzhm0,Missing Text Content
7ncf913hfc7p,Missing Text Content
mft3f048unad,Missing Text Content
wm73wsnv5ezn,Missing Text Content
yn8qqb19a56n,Missing Text Content
jj67adpet54z,Missing Text Content
peyiow8kbgu4,Missing Text Content
guocl6ixt9n6,Missing Text Content
tnie7i5hatod,Missing Text Content
8pme588yuws3,Missing Text Content
4udokt7fpnkz,Missing Text Content
ncph4nhajxen,Missing Text Content
ivzifc5qms8j,Missing Text Content
z977bkpfsf23,Missing Text Content
ifrim4g0s5hn,Missing Text Content
aqozinaite2u,Missing Text Content
y01xiaut4c70,Missing Text Content
tq5lo90sk9nw,Missing Text Content
kop0f26af9vb,Missing Text Content
ujzatftlj51w,Missing Text Content
mqvtea5pfi3u,Missing Text Content
kl3bj912s2s0,Missing Text Content
kuia7tjzojcj,Missing Text Content
bzgby5tfiiha,Missing Text Content
yebznddsi7nh,Missing Text Content
gq5g5wh2q8mq,Missing Text Content
39hukakuikf1,Missing Text Content
b17uivyz512y,Missing Text Content
ujl3bc33tjyz,Missing Text Content
qji8014jur04,Missing Text Content
t8vu8zux90a2,Missing Text Content
0aiil309v8rp,Missing Text Content
tnabwys60rf0,Missing Text Content
sxj23l93d5f0,Missing Text Content
yhupezrx7oos,Missing Text Content
sciqsfx1gpvk,Missing Text Content
36cer7xu6pkm,Missing Text Content
9kyukzpcg11g,Missing Text Content
m48rcgr2syl3,Missing Text Content
wvl70o0j43vy,Missing Text Content
hk8b14zyii5b,Missing Text Content
65zfq8pgvcia,Missing Text Content
cb07umibgndy,Missing Text Content
g4rzbm0uef7m,Missing Text Content
cxtwi3qmtk1i,Missing Text Content
wwzhvpwmmk53,Missing Text Content
968x1v2kj2ew,Missing Text Content
gj7qjpmx2cyf,Missing Text Content
zjl0q5gbp5ko,Missing Text Content
pyhmzrc7u8nm,Missing Text Content
6s45v2y032uu,Missing Text Content
jgbj605d2u82,Missing Text Content
nbvrnh3p8pe2,Missing Text Content
ehd75kclig4b,Missing Text Content
ap0dil9583vv,Missing Text Content
dnzx5d52zuhi,Missing Text Content
1f8mj7t44w61,Missing Text Content
22w0q0ii2bbn,Missing Text Content
vausy9xczi1c,Missing Text Content
uf85pav37jcu,Missing Text Content
1r4o462sn001,Missing Text Content
xsz638jg5o8a,Missing Text Content
kq96d9clce1s,Missing Text Content
v6q3reebwnf2,Missing Text Content
h8u6xrz0bikj,Missing Text Content
ab2vgxkhtszp,Missing Text Content
fmcf2kc87ds9,Missing Text Content
19rskpt5l7k6,Missing Text Content
8h9jre0pymiu,Missing Text Content
muc7rd26xlf6,Missing Text Content
oklsbgbowh1x,Missing Text Content
w4kjl2lsx80v,Missing Text Content
9kohxmlo8ggn,Missing Text Content
d7xkqxef145m,Missing Text Content
vcwx8mc9gobk,Missing Text Content
r0ea1o8pj6o1,Missing Text Content
asol0359rtmv,Missing Text Content
jg6g8udd5vxw,Missing Text Content
lzw5znljidjk,Missing Text Content
jyjtkwiiqdg0,Missing Text Content
mj1btphmvbdp,Missing Text Content
m36jvs16gj4b,Missing Text Content
c8z6nvpwb4hv,Missing Text Content
ax9fnkz9ev8r,Missing Text Content
xan3geowg7wq,Missing Text Content
vn6s9li3jpzk,Missing Text Content
0goju4f4uhnv,Missing Text Content
4o84wwadjffb,Missing Text Content
by3vt62b0cnn,Missing Text Content
0de6jx5fneal,Missing Text Content
346rm459ljpy,Missing Text Content
0o55mo8cutct,Missing Text Content
5ivjngzcq303,Missing Text Content
25v3sw3fm659,Missing Text Content
4rijbjn2vqst,Missing Text Content
sby9f19koert,Missing Text Content
mh3j9al7y0cn,Missing Text Content
pz3anh5lu0op,Missing Text Content
czjp66yama4q,Missing Text Content
qt9l0if0tbym,Missing Text Content
d5yb8y9jdxxs,Missing Text Content
ecgn4mpx561z,Missing Text Content
cgzksssxavfg,Missing Text Content
wf7suj7bx2as,Missing Text Content
9zkm8btu0m57,Missing Text Content
r54nv8h58059,Missing Text Content
hgdiduq6xslm,Missing Text Content
2kgflaztkrj6,Missing Text Content
180qsjie19tr,Missing Text Content
m2wjvr8zfhg1,Missing Text Content
v65gjx8adq84,Missing Text Content
lmdqsp2aflks,Missing Text Content
4w4vzfn97buh,Missing Text Content
ccey827s18y7,Missing Text Content
ltxx3hlovbuh,Missing Text Content
6i6be63aib6h,Missing Text Content
zhotgpd3m2l3,Missing Text Content
amfc3bkfcu1a,Missing Text Content
pdo3iboghnlq,Missing Text Content
nf3c4miudrsq,Missing Text Content
yn2i6huzk4gm,Missing Text Content
bbcx7xewitam,Missing Text Content
ppgyfy8fj2s4,Missing Text Content
0gbldgl1gjct,Missing Text Content
i1xehl0hlhwi,Missing Text Content
yyny3igancxw,Missing Text Content
nt6ksezyikjc,Missing Text Content
79f22x3cjm5i,Missing Text Content
m950ckdunn5l,Missing Text Content
ajagcz1ktcrs,Missing Text Content
a4c9avhneap2,Missing Text Content
0mpo2uotb69g,Missing Text Content
igpq68luhcre,Missing Text Content
y5g6eoe3y9zo,Missing Text Content
r9vp1mhowbci,Missing Text Content
gjgfl203rfdk,Missing Text Content
4vp1r7lt4owb,Missing Text Content
5l25im86ri8n,Missing Text Content
qjzpeuf3bw47,Missing Text Content
8n1z5amwh7f3,Missing Text Content
elxi744sq0ll,Missing Text Content
oahkazx4v44i,Missing Text Content
m58rx7hybmnk,Missing Text Content
abvtoegtuxmx,Missing Text Content
7gzwb3ks7z2z,Missing Text Content
ahhzdad0rq0o,Missing Text Content
0de6jx5fneal,Missing Text Content
5c52x4o7r1xa,Missing Text Content
mq71p99lcmf5,Missing Text Content
otro7diokriw,Missing Text Content
wxa2c55m564q,Missing Text Content
zhm1zx3bntab,Missing Text Content
kpfhgbj0hyl0,Missing Text Content
fp89q1ickn9w,Missing Text Content
vzcicb0vs7gu,Missing Text Content
umfschau8fqb,Missing Text Content
dkn2g7hk1sx2,Missing Text Content
3bj6zmt6mp0m,Missing Text Content
4lqvkvzgvdsr,Missing Text Content
56iqlz8c1xmd,Missing Text Content
yp3m6ypv23er,Missing Text Content
k4b6r0t5svgs,Missing Text Content
i7hnv30r43mu,Missing Text Content
xy08x8dq1rln,Missing Text Content
e75d1kz0161y,Missing Text Content
d12180w44lck,Missing Text Content
95pt5sby3sl1,Missing Text Content
5zzyvsyugcd2,Missing Text Content
rc66oc9ps7gi,Missing Text Content
9sp90xace43l,Missing Text Content
8sr9bbtolyn4,Missing Text Content
f45vtio9g4r9,Missing Text Content
6po1mmy90ysd,Missing Text Content
yrnx1tvgkmzx,Missing Text Content
kgj1sga77mw0,Missing Text Content
e9a827set9zz,Missing Text Content
i2eys7fr2ty0,Missing Text Content
750i4o3p7pac,Missing Text Content
ko8ymkswmiyk,Missing Text Content
zl2vvmmwjjja,Missing Text Content
j4g7thgiutka,Missing Text Content
oz4wacx799hz,Missing Text Content
3u8atm143xx2,Missing Text Content
y8c4i77utum7,Missing Text Content
xifgswhmgoha,Missing Text Content
dhdck67catfd,Missing Text Content
4q8257o2nmum,Missing Text Content
01gbk9id4v75,Missing Text Content
hqf1uy3y537m,Missing Text Content
cw6r7tunctqs,Missing Text Content
5radxt9sttok,Missing Text Content
o0p4v3yzlnzv,Missing Text Content
lao3w5t8cpo0,Missing Text Content
ylsyhyv8lawg,Missing Text Content
91czt2m1t4m0,Missing Text Content
kynjjfh7pc6a,Missing Text Content
pvkhgq6l2b0e,Missing Text Content
c5tedkpt2tby,Missing Text Content
s255s0wxygvl,Missing Text Content
9vq1ix43p8sj,Missing Text Content
ekbtcm48x5rf,Missing Text Content
z6jty4xbloa4,Missing Text Content
6ucww3wjsgju,Missing Text Content
96uvoaigj8vu,Missing Text Content
dxahxpb0dxc3,Missing Text Content
16wn320robdc,Missing Text Content
tc4rd7kik496,Missing Text Content
resya0sy9mun,Missing Text Content
qlgca138lo5u,Missing Text Content
f8acocto4dl4,Missing Text Content
d69g3f5tejlu,Missing Text Content
xxe8kspxs4zr,Missing Text Content
jq3ff3gvytrf,Missing Text Content
668zz4lpere4,Missing Text Content
ylu2mqbjiz2u,Missing Text Content
w612fa9bgdw8,Missing Text Content
1s9hw8g7an75,Missing Text Content
j8uhutbhg2ir,Missing Text Content
wtypbdpz3saz,Missing Text Content
c55vejs3maez,Missing Text Content
gamr94dikpgw,Missing Text Content
43ax5a1eezgz,Missing Text Content
fzpid46fm2wy,Missing Text Content
y22aap2znfc3,Missing Text Content
dugktbt439w3,Missing Text Content
dciaenv1nm57,Missing Text Content
4nori7pmvcuf,Missing Text Content
z9b6gccxuy9u,Missing Text Content
5xiltufyp06m,Missing Text Content
kwt9yuwjsw74,Missing Text Content
m5hynvc6sw8i,Missing Text Content
qkcvxlxkmm8t,Missing Text Content
5qw4uxlpz9e2,Missing Text Content
9tothp7ivm89,Missing Text Content
wcwvnimluq7e,Missing Text Content
fxy7jgsroxdw,Missing Text Content
92e3b7jxq33k,Missing Text Content
9pzrt8ahqmwt,Missing Text Content
p0eyc5l64s7u,Missing Text Content
m5lp9bx9dskg,Missing Text Content
irpq9zeu2l3s,Missing Text Content
s0ufljier850,Missing Text Content
3qyd6zmwk0du,Missing Text Content
0jwozmpxf3bo,Missing Text Content
wkaqowsno210,Missing Text Content
gi84c2vu3bid,Missing Text Content
p076tfkeguae,Missing Text Content
90qa0r7ys285,Missing Text Content
v0cubuh28e6n,Missing Text Content
68kttcphrsf6,Missing Text Content
zgm29xdhdfhe,Missing Text Content
olu73brcjcn0,Missing Text Content
gdqlwz0kq844,Missing Text Content
gw2cyjsaljed,Missing Text Content
7lngzdy1zqxm,Missing Text Content
l1fsylm5ih51,Missing Text Content
8se062a4sa6n,Missing Text Content
m29ghj7wsdyu,Missing Text Content
kn8552n3nh99,Missing Text Content
qc77e25qfe2x,Missing Text Content
0zvuezi1eeq7,Missing Text Content
250gb2ox1341,Missing Text Content
jgcsxq34j8m9,Missing Text Content
97jc7atpqy1k,Missing Text Content
6eehkrd0rl9l,Missing Text Content
nwc1y0p1d42t,Missing Text Content
gt9uog6pnofs,Missing Text Content
epfgt78j33fi,Missing Text Content
s1ibokolkz18,Missing Text Content
5h6kyy1rgak1,Missing Text Content
jra3c6di2hgg,Missing Text Content
7f1ppq6e11b0,Missing Text Content
vzup47321gmz,Missing Text Content
l32fkd62u276,Missing Text Content
0l32nu7roop2,Missing Text Content
mb370uy6ajb1,Missing Text Content
3bj6zmt6mp0m,Missing Text Content
yjesy3hm8nbp,Missing Text Content
yo5uq1hgzsbv,Missing Text Content
zyy6ry3mv3q6,Missing Text Content
2nt1snct9ojn,Missing Text Content
6lmsu661cxcw,Missing Text Content
uqx2dv3foejy,Missing Text Content
p11dxabbge0a,Missing Text Content
119h0037b192,Missing Text Content
4ldachoz19ui,Missing Text Content
3yn5lbxes756,Missing Text Content
dddc98plspuw,Missing Text Content
5dtz3shr4jbp,Missing Text Content
95df3st6pn1y,Missing Text Content
nxsy01p67kla,Missing Text Content
oi6m6w1m5fae,Missing Text Content
obqhlzki202y,Missing Text Content
4tji110a8025,Missing Text Content
054gynhp3fz7,Missing Text Content
pxjvvh86ycdg,Missing Text Content
cupt60m6hk2y,Missing Text Content
2d66m0ozaw6y,Missing Text Content
czpbl9rhl4z8,Missing Text Content
fkdp45nwc9on,Missing Text Content
mcjhoyrcgpf1,Missing Text Content
wqxmnv702rrq,Missing Text Content
dhlbnlvnnowv,Missing Text Content
ptulxio70wxx,Missing Text Content
zpl09d0cz7ip,Missing Text Content
zx4w6qb0rlp0,Missing Text Content
fraf8srr46jk,Missing Text Content
zacye5fj54bw,Missing Text Content
bjd7mq4xakp8,Missing Text Content
g73hye2dm7io,Missing Text Content
72b9dtv4bafw,Missing Text Content
3tkovraixk28,Missing Text Content
s58tjjg807df,Missing Text Content
kgkudryhrbfu,Missing Text Content
lkp7sm3selqu,Missing Text Content
rf10qeay4dcy,Missing Text Content
jkmgc93g9cbr,Missing Text Content
irg7kef8duvx,Missing Text Content
vpbi7hlhpxtg,Missing Text Content
8iyoyv5q88k0,Missing Text Content
57qsz2m3a2h2,Missing Text Content
47t3i1lzgdbs,Missing Text Content
vplt1688u7ew,Missing Text Content
6lcmhekcu60t,Missing Text Content
o00rqhutm914,Missing Text Content
keznnifqwug6,Missing Text Content
xdp6g2uyhjl1,Missing Text Content
s5r8uagz0yvq,Missing Text Content
nm7betic16bt,Missing Text Content
e3nzfv8snogr,Missing Text Content
k9ikcvg9uen3,Missing Text Content
njw1uc4vs9mh,Missing Text Content
0t8ira7xvruy,Missing Text Content
uga87jej7g6n,Missing Text Content
5ls9pydjnh2o,Missing Text Content
1pe7peeu3i2d,Missing Text Content
gsffl3c76k9c,Missing Text Content
xc0b7o0mkfgq,Missing Text Content
bge9182iskkg,Missing Text Content
77g2cv9mrgd9,Missing Text Content
b4h45mdkakwb,Missing Text Content
dypijfai4xm3,Missing Text Content
4fwmf14q8n8g,Missing Text Content
mp67lipzxwj6,Missing Text Content
n0aukkz9ekwn,Missing Text Content
nlb0k3l87thb,Missing Text Content
jjshqfflrm7k,Missing Text Content
dkfl65c90vd3,Missing Text Content
9fa6ects61ca,Missing Text Content
x0j0rgbyn15d,Missing Text Content
r78r4hatvodw,Missing Text Content
d7rfvizlavo0,Missing Text Content
dtspknqszjzj,Missing Text Content
smhhrubv1uvm,Missing Text Content
5zcrnjj9895d,Missing Text Content
w0pa23r8aqdk,Missing Text Content
ng5jnt07yezz,Missing Text Content
7tknarh682wt,Missing Text Content
qov8wpsrcteh,Missing Text Content
z46vees5xurk,Missing Text Content
e4om5dgfurw1,Missing Text Content
aq2fb1u2lh3y,Missing Text Content
5noqncbietms,Missing Text Content
h6vr1ypq0ozi,Missing Text Content
clajdp5x7hzy,Missing Text Content
albhgsojofhd,Missing Text Content
ldqr6rxzfdgi,Missing Text Content
7paf1fschank,Missing Text Content
7l29os32u3us,Missing Text Content
c6kh9jntyb5z,Missing Text Content
f2eayllswwyl,Missing Text Content
6m5y3hrcmlub,Missing Text Content
uhsib1a9c2kw,Missing Text Content
e3g4viyhwyw1,Missing Text Content
4aikrr3c7wmq,Missing Text Content
u1fn2earn28j,Missing Text Content
bdlufzwh0m19,Missing Text Content
yneimcvygd0o,Missing Text Content
c5ov73gxj194,Missing Text Content
legit26t6wak,Missing Text Content
4e5hbmsn5aei,Missing Text Content
g66sbidhzu9m,Missing Text Content
2zz5hqe66o0w,Missing Text Content
89c8yk8i2zfu,Missing Text Content
9ym9ll3vqf8z,Missing Text Content
3bj6zmt6mp0m,Missing Text Content
euo0uv9gzdum,Missing Text Content
kt704inna10h,Missing Text Content
z8lsg3rnmuew,Missing Text Content
rgg8erae2y0j,Missing Text Content
orbd394jv2vx,Missing Text Content
7lqwret9gnn6,Missing Text Content
3bvmc5n56tq5,Missing Text Content
o6w9ouct450c,Missing Text Content
7404pnp8k1kv,Missing Text Content
rft6x8v32tha,Missing Text Content
j432u39j6zp6,Missing Text Content
85v9ek4pepqc,Missing Text Content
6zbx14wmpqmt,Missing Text Content
4pnf5xqgy754,Missing Text Content
pjnimrw3jowv,Missing Text Content
xibce8tvgi5f,Missing Text Content
okzdk8zmna1b,Missing Text Content
bipb6bubg0vd,Missing Text Content
zpls8id15d4q,Missing Text Content
vvduwf9o8kar,Missing Text Content
znji75hmy2n2,Missing Text Content
9sdv59gxs7oy,Missing Text Content
fzsoz62i5b9f,Missing Text Content
xa8zi89t3cq7,Missing Text Content
ure75fkt9jp0,Missing Text Content
ps5xxne2kn99,Missing Text Content
w4a67r2bd4ug,Missing Text Content
4z3ju8kaz0ca,Missing Text Content
g3xpmc5ycr3r,Missing Text Content
emdxokbc7zxv,Missing Text Content
x28v648y705o,Missing Text Content
0i28eabl4z51,Missing Text Content
1e4fgynsvlsc,Missing Text Content
7l36j9jdd6x8,Missing Text Content
h9was7a68ybh,Missing Text Content
ejiph047aw13,Missing Text Content
ijeva13c5q1h,Missing Text Content
dwsppfftzvwy,Missing Text Content
ovddgt6q1ydp,Missing Text Content
t01qgp3u7mc5,Missing Text Content
tae8pgtafohj,Missing Text Content
a00eokrth64m,Missing Text Content
g3qu4a0czgvk,Missing Text Content
13vequw7kdgj,Missing Text Content
wzpyemd8qhte,Missing Text Content
1wlbawyg3tlu,Missing Text Content
ntqd1b9ov54k,Missing Text Content
zzpafpna0dr3,Missing Text Content
zgav50n3jv4j,Missing Text Content
svg0v5h9283f,Missing Text Content
w3jvixs6l8bn,Missing Text Content
t6i8f8xsj7t7,Missing Text Content
z5abezvc7rna,Missing Text Content
b8cp49wxpl9i,Missing Text Content
oi8cxh4yi10y,Missing Text Content
chqnq2zotzom,Missing Text Content
pa75brpjlxk9,Missing Text Content
kynjjfh7pc6a,Missing Text Content
7j6fegfslxfs,Missing Text Content
cdh0qxrvba23,Missing Text Content
bvwjfdbhv2pt,Missing Text Content
303hgo6k0idp,Missing Text Content
a46oqjwhwc95,Missing Text Content
8swyo9r1hujz,Missing Text Content
aotcfslnyu28,Missing Text Content
034s727kuo8m,Missing Text Content
5n0q189l579j,Missing Text Content
mpkx3h9nmhvf,Missing Text Content
dwhvgmmrfgt0,Missing Text Content
29dd2pseltmx,Missing Text Content
jnd61tckdheq,Missing Text Content
1tbzumjsugfn,Missing Text Content
8cso88almm83,Missing Text Content
85xzfwqnlxht,Missing Text Content
lxv5ohoijlud,Missing Text Content
3b3otvoe35ir,Missing Text Content
qmu5kmmmr75e,Missing Text Content
38bf5nrd5afm,Missing Text Content
k1ul1fiksbj6,Missing Text Content
2cl94jriybei,Missing Text Content
95xptgh389n8,Missing Text Content
p1qaoxkpxqxn,Missing Text Content
x233mnutuglm,Missing Text Content
hd0bixhyfn80,Missing Text Content
g0lvz4f3kipc,Missing Text Content
en5xo4el3g30,Missing Text Content
l8hghtlqbqxo,Missing Text Content
kkrg4ucvneoa,Missing Text Content
y371fm0zu30s,Missing Text Content
ecax5fvb9fv0,Missing Text Content
4vzt4nkmtwey,Missing Text Content
y48mzbtpv8so,Missing Text Content
7m2sru7oyago,Missing Text Content
z0bxt1i0y35v,Missing Text Content
s1hlulgwks5y,Missing Text Content
76qu04k7lkqs,Missing Text Content
tw2djork6d1y,Missing Text Content
cuqe7r4eax4g,Missing Text Content
e3kvxksxvre9,Missing Text Content
gdxh0c3r96at,Missing Text Content
zm0xj9cg2jc4,Missing Text Content
nr3uxutj5set,Missing Text Content
ek0avlf09qqq,Missing Text Content
m0229hbrwcnj,Missing Text Content
l6ecdzjylfbf,Missing Text Content
7fcy50a8ecap,Missing Text Content
ldxbgzfbxg3s,Missing Text Content
djby9uykxcob,Missing Text Content
6i6be63aib6h,Missing Text Content
7s12g2yroovu,Missing Text Content
0jgptstielh0,Missing Text Content
7ou7s4tz2ozd,Missing Text Content
wgbfqfgh7dx6,Missing Text Content
x64ygfwi78tc,Missing Text Content
k0bii4xhd6cr,Missing Text Content
hjx2h41vif9b,Missing Text Content
6b6wug7gebru,Missing Text Content
hdd2phhbshtn,Missing Text Content
esg2hxi34ann,Missing Text Content
67d6fsv09zzv,Missing Text Content
7va516vv4vnt,Missing Text Content
5xi2xsdvz9u9,Missing Text Content
74a8kimrf354,Missing Text Content
db45tokanlqr,Missing Text Content
x4klfjmcjj5w,Missing Text Content
3vhsv682brpm,Missing Text Content
9b3fb4fh4nb8,Missing Text Content
h8j10ch6gw3e,Missing Text Content
nqise92d7ss9,Missing Text Content
5sjlb6ilpozz,Missing Text Content
68zkdx3x8o36,Missing Text Content
zndosvunqata,Missing Text Content
1bsz9uh9cmxl,Missing Text Content
dh9j1kyd6xrg,Missing Text Content
f2cwealuvg9p,Missing Text Content
gsu552gz78pt,Missing Text Content
uf85pav37jcu,Missing Text Content
ifxjf7wx9g39,Missing Text Content
i8jszbdb238v,Missing Text Content
u96p4olqwwy0,Missing Text Content
0v7qzse7iljc,Missing Text Content
zgsp9nqlw9tt,Missing Text Content
9bn3b40w9abq,Missing Text Content
1iet7uxdn9tv,Missing Text Content
caxt84q7qkvs,Missing Text Content
88r0sjlfpekb,Missing Text Content
jts40mu5o59a,Missing Text Content
yzdjpjryuhh0,Missing Text Content
zcocc0fwp4zi,Missing Text Content
gmewet7oxoqj,Missing Text Content
6dkvsavvqpgg,Missing Text Content
4omgt1s7zcy7,Missing Text Content
dhcxfck647qw,Missing Text Content
1k3w0i7v8byz,Missing Text Content
wudfhd4amnhd,Missing Text Content
nsmsjy906p88,Missing Text Content
5uybl1df408y,Missing Text Content
whqywnidcgjw,Missing Text Content
hy4jzdh7mltq,Missing Text Content
t6kxpc2hoay1,Missing Text Content
aufye49ocvy4,Missing Text Content
s3jm9lrx9f12,Missing Text Content
7bdmnv3rdj8n,Missing Text Content
t50esab264af,Missing Text Content
9vbvax7cbg4v,Missing Text Content
iaztdzv8rz8h,Missing Text Content
99wictg2d2ah,Missing Text Content
rr72p9366xqe,Missing Text Content
tp9jm7uuyezq,Missing Text Content
hjqvqhhtbvez,Missing Text Content
d78kxha6hl4z,Missing Text Content
bdlimuyh1dq4,Missing Text Content
qkd3i5awj6x2,Missing Text Content
iz3wpwjc41s5,Missing Text Content
vo9qzkqijvn5,Missing Text Content
jm0ii431xabf,Missing Text Content
b5upb159sapo,Missing Text Content
ztt988f2xtsa,Missing Text Content
ujmoomlihgr4,Missing Text Content
um15t19gpgbt,Missing Text Content
leh8wzgi0kxl,Missing Text Content
rd1nkejvm94b,Missing Text Content
zqppt4s0jvyx,Missing Text Content
uxcna7ev1fqo,Missing Text Content
pkq2qwexiiug,Missing Text Content
cp4mtb4zw4i5,Missing Text Content
8ljh9k0rb1ue,Missing Text Content
5p5b7unw9ibq,Missing Text Content
7nar7yotf6u4,Missing Text Content
jraym4uws51h,Missing Text Content
mbykzpzh1l1y,Negative Likes
wal886ggp7kg,Negative Likes
38tm1xfxxsdi,Negative Likes
yktgh97ttawi,Negative Likes
loscndnlqi7b,Negative Likes
hvjh643oxb8e,Negative Likes
0c0tc7wbhqdu,Negative Likes
dnhsqcx3t94w,Negative Likes
5fbt4nzjxol9,Negative Likes
whsvb3faauwf,Negative Likes
849vopmpaov5,Negative Likes
5yja32qo8r5v,Negative Likes
tpqh5r4b6wbj,Negative Likes
6pnyn4zvt821,Negative Likes
d7mugp06qohp,Negative Likes
bmsl9n7piai5,Negative Likes
knwr2mg0yme4,Negative Likes
do7er5bxtgtz,Negative Likes
7xz8eesy39yk,Negative Likes
ri5if1n91f7n,Negative Likes
pda1n9tupfu5,Negative Likes
c0wt03v9fo5u,Negative Likes
rb81hp1yerki,Negative Likes
6dkd2a0maox7,Negative Likes
tuxr4dqz3zni,Negative Likes
49rcyav1oxfr,Negative Likes
4akbppom5doj,Negative Likes
esoh0ldihfs5,Negative Likes
7xv6whovw1fq,Negative Likes
e133wxqv0730,Negative Likes
dd2xw5nzaj4z,Negative Likes
p4xnv8cwhd4r,Negative Likes
hikoh4r9phwh,Negative Likes
1mcs5gubkk4q,Negative Likes
vkld8f1qbge6,Negative Likes
6ngxk2bjxclx,Negative Likes
jvwa8rqvsdfy,Negative Likes
shonhvbxgo3i,Negative Likes
l6inr2pbg4b3,Negative Likes
jknjng6l6hhn,Negative Likes
gbfwqmzeunez,Negative Likes
rev2fgs1eqhv,Negative Likes
tdu9qgcr6y50,Negative Likes
p9au9864hy18,Negative Likes
z3k8zjadgult,Negative Likes
p0mq61alb1l6,Negative Likes
juagyijtu75o,Negative Likes
iyot70lpgbn7,Negative Likes
5b0pz3j0kcxl,Negative Likes
9ubup7rn6r7v,Negative Likes
8mq28zl0awbw,Negative Likes
tzw4osy9kgkh,Negative Likes
dlg7l77vf9wr,Negative Likes
ptqdafbq0s1j,Negative Likes
62p2b3d99go9,Negative Likes
etvgqvrok32o,Negative Likes
gjwxw0d6tlcc,Negative Likes
f89eh7l7kcqe,Negative Likes
o4ec9qyr6sz7,Negative Likes
3m9buofrsg1h,Negative Likes
sd6i5h9sxfud,Negative Likes
fcpoeog3b4os,Negative Likes
mwynni2beuia,Negative Likes
40er1cm2fsmf,Negative Likes
kzo4myed0f9j,Negative Likes
l1ggrnx9tvj8,Negative Likes
5oiqufbxow76,Negative Likes
wj3poiu6cleq,Negative Likes
svfi27ac2cla,Negative Likes
far6in1eemf9,Negative Likes
rry7afrtn6hh,Negative Likes
tzdbgo04n0rx,Negative Likes
oufgn23yv0x6,Negative Likes
84xwysnaan46,Negative Likes
0f7t7dqc7hij,Negative Likes
unbesggq52wv,Negative Likes
nsbniixudcdz,Negative Likes
yx12ujn7rc2q,Negative Likes
qg8owlq6baex,Negative Likes
g97oa61wfa3i,Negative Likes
tp1gnvxkexks,Negative Likes
2obvnglf1m8o,Negative Likes
ypiqxtc5s20n,Negative Likes
do7er5bxtgtz,Negative Likes
y6qov9qhpaim,Negative Likes
0oqpg2rgnqxa,Negative Likes
912p3cvs2x8k,Negative Likes
5yt9zo3y7p0x,Negative Likes
wna8zsilunia,Negative Likes
4yk8g2nespn2,Negative Likes
sdvvu17nrkox,Negative Likes
ujuqiviq15vl,Negative Likes
kgzumfvcnuk8,Negative Likes
itoa2cq8vom2,Negative Likes
lvd8ps8961br,Negative Likes
4gyijj6n1320,Negative Likes
slfqccmksntj,Negative Likes
lwbs97m9tvq0,Negative Likes
ubiedf2i1pdw,Negative Likes
6psyp66qg160,Negative Likes
jbagnr5fqqht,Negative Likes
1ifdwmbr1snk,Negative Likes
wutldoflrfyx,Negative Likes
n7ke3eyyd30u,Negative Likes
ns0kg9mbioje,Negative Likes
ew95zj1388jg,Negative Likes
sl9knpn5wrci,Negative Likes
y874vrnsbm13,Negative Likes
pm98mfj0p3lc,Negative Likes
xueohzy5h24l,Negative Likes
7h4trgdqtw6t,Negative Likes
bbc5ctv8d4ra,Negative Likes
7m6ugx3rz5pq,Negative Likes
70v9b9zgvsyc,Negative Likes
t5m66m5m9wz9,Negative Likes
uj8f8y5uvl42,Negative Likes
yejf1ylpklty,Negative Likes
95ije5f0rw7u,Negative Likes
cin9e9kt4fqy,Negative Likes
hslufd8bjj46,Negative Likes
bkr94ojf0qeu,Negative Likes
ly0mmd0x1v6b,Negative Likes
gxcq5umajie7,Negative Likes
3hesse5mzkcs,Negative Likes
l9bex8wf58wa,Negative Likes
yejf1ylpklty,Negative Likes
kd8ix4uvu2dr,Negative Likes
zfl6gsegw63x,Negative Likes
9lt1l6yv7cwn,Negative Likes
0g0t9gupqzot,Negative Likes
s01u1b7smiok,Negative Likes
34rqjg3mk1xo,Negative Likes
9z6fzfvwshqm,Negative Likes
u8aweydu8tx9,Negative Likes
ypk71g898pfq,Negative Likes
wt0rjewl2rq6,Negative Likes
1hkrlhrhh66t,Negative Likes
61943gx45rr1,Negative Likes
34fu48g9mynw,Negative Likes
p47owlqegwxz,Negative Likes
m5pv0g6unb6a,Negative Likes
1eggxv4gzmky,Negative Likes
oi7rdpevs2g2,Negative Likes
sdozkennjmg3,Negative Likes
wnhgnl9hgdfq,Negative Likes
udj0f5zqeaps,Negative Likes
osv9o04f1thj,Negative Likes
ez2l5exh3ah1,Negative Likes
mwynni2beuia,Negative Likes
m45yfq5p6sks,Negative Likes
ix1thr0hgodv,Negative Likes
p2cxts6mvq2c,Negative Likes
mm4t3rl5j3ml,Negative Likes
yqftx4dkoxav,Negative Likes
sdgtn7yj7b6c,Negative Likes
hqw3lyrc417j,Negative Likes
5hwjfedik453,Negative Likes
ai3k5hv410i2,Negative Likes
mujqwdhwy8j6,Negative Likes
3gl73l04yhe1,Negative Likes
qdlu53mwxpof,Negative Likes
td3n4yi45nde,Negative Likes
ati6f3kqtxsp,Negative Likes
9orpqlg1ez0i,Negative Likes
od4f8o4egnvy,Negative Likes
pjmggt69wzvi,Negative Likes
0u3pu5iscagq,Negative Likes
toiilwu2saek,Negative Likes
tmq2s8jn8yut,Negative Likes
0q9d160co953,Negative Likes
ydkfv4nv07di,Negative Likes
gjcm241bl2qe,Negative Likes
mxkv50wb1ale,Negative Likes
aq2mx40podt8,Negative Likes
ktfy4e4o0pnd,Negative Likes
aua53oamu4ae,Negative Likes
s1gzezr7l4zd,Negative Likes
4c1rnck2627i,Negative Likes
d7j3wx52jxtl,Negative Likes
e06i26kzh3ow,Negative Likes
musj2hs6d7ra,Negative Likes
3poustrghec1,Negative Likes
9q7wx5mk3y6u,Negative Likes
07pmruq4kog9,Negative Likes
2qcdwyvtung1,Negative Likes
c5e6rqm9t5ol,Negative Likes
kawbqi8vhy0j,Negative Likes
58kbhwz2xvnc,Negative Likes
fk3h10wrlphg,Negative Likes
zu5d0fkp4d1r,Negative Likes
1s3a4c0bc9sl,Negative Likes
8l9skcp7q74g,Negative Likes
t2pw34l9omcn,Negative Likes
ji4gnkr6z5kb,Negative Likes
lb9m0uo0wadj,Negative Likes
w1qrjbsz3qph,Negative Likes
ga19k2wod3ki,Negative Likes
66a1ym8w3v3k,Negative Likes
5b1bjoni8qiv,Negative Likes
oiv84ezm4j8j,Negative Likes
vqgqq1hq8sct,Negative Likes
7dwywnpvlpvv,Negative Likes
ffziodleb5yi,Negative Likes
p287mq3k7v2d,Negative Likes
gfi81ra5ni3n,Negative Likes
x3zm2z80ay3j,Negative Likes
bc1hl496odme,Negative Likes
62sq5sm1xflq,Negative Likes
ft6t9hg5wy4x,Negative Likes
vaw3oluyb891,Negative Likes
we0onw3mv5nu,Negative Likes
tp08yrflbjgs,Negative Likes
z1fpi9k45frk,Negative Likes
wdstgee3gij0,Negative Likes
fvjkuyt1md78,Negative Likes
p5ynf2ks1w3m,Negative Likes
dlg0wqa9m9xk,Negative Likes
40e7afl35cu7,Negative Likes
klzffz5530ko,Negative Likes
e3t8f61dx4m6,Negative Likes
6pwm56gk6fbi,Negative Likes
t2wmmlmafyb7,Negative Likes
2hipsjfv3ogt,Negative Likes
yqvameofv663,Negative Likes
9bngbsop7tof,Negative Likes
p04s9sisxf21,Negative Likes
d6xp3yrtmvq6,Negative Likes
xfvv2rywrl5f,Negative Likes
6uafi1o2psiu,Negative Likes
6x6uzolhiu2f,Negative Likes
4tvcdflkfgt7,Negative Likes
elt6271iepds,Negative Likes
so5vur6dnfw5,Negative Likes
webyngg74dg9,Negative Likes
rtwiw33qh60l,Negative Likes
jj0jx6m76xaf,Negative Likes
mzzvnzvidnb0,Negative Likes
d09180ekke2w,Negative Likes
xhu047z0kzvh,Negative Likes
7hac7vubh3tr,Negative Likes
uifaf8az2ckw,Negative Likes
a8e8pl0sit0u,Negative Likes
4fgbp1fc2w0z,Negative Likes
cdzjohi81vno,Negative Likes
2uy1tc8j00x6,Negative Likes
otms6wlnciey,Negative Likes
wuafujqul59e,Negative Likes
gugw4ni537sa,Negative Likes
hfijnlyl8njw,Negative Likes
vq843cx6zwr7,Negative Likes
5rhbmpqgbf2o,Negative Likes
ytbs1twoz6i6,Negative Likes
ktfy4e4o0pnd,Negative Likes
5x0112k3giqp,Negative Likes
w78xot0njfcu,Negative Likes
w6z89zvz84av,Negative Likes
sux46ojbw0gj,Negative Likes
rtqktcmzwizo,Negative Likes
owpv6rtorgwo,Negative Likes
mbg98gjnrp3w,Negative Likes
7m3mfwpn0tn1,Negative Likes
0riljeqdz9qq,Negative Likes
tpy9n9qb58ry,Negative Likes
6d7veh0ox4yt,Negative Likes
5qm8ij7od25e,Negative Likes
mtpfiec3whp4,Negative Likes
xcyu5furnsjk,Negative Likes
emxjfoehu3um,Negative Likes
q0ehux8whokc,Negative Likes
12561oyrxtl0,Negative Likes
ktl4b0gf8tae,Negative Likes
o9w3jwf78z2h,Negative Likes
5wqzap4mtbun,Negative Likes
w9y6lympejec,Negative Likes
9dqjr0y6nsc6,Negative Likes
cihee1fuwpux,Negative Likes
p3vja2e6kwyp,Negative Likes
8dpo23b3mwud,Negative Likes
8ixciat40jh4,Negative Likes
1x2b6lknzotk,Negative Likes
8ctwbe9d5ufn,Negative Likes
bd10cglbe6aj,Negative Likes
vhcvt1a8k9jl,Negative Likes
4rv7kdplp1q6,Negative Likes
lr6sili1xrx0,Negative Likes
q0ehux8whokc,Negative Likes
17622026wuqi,Negative Likes
bu5hj3a4ir50,Negative Likes
3gu6k65llqdw,Negative Likes
zw67f9gyrcys,Negative Likes
xas8sm2k46y0,Negative Likes
8z2u8cvirdyv,Negative Likes
ytohojy7b1kt,Negative Likes
gjtl28wljxhw,Negative Likes
u1nc5r9vwoup,Negative Likes
l94kjj8ow565,Negative Likes
6d7veh0ox4yt,Negative Likes
khxcez8g6mpj,Negative Likes
ae40vtfvawtf,Negative Likes
80rfm8lcs5rz,Negative Likes
849vopmpaov5,Negative Likes
c1vnlzi5cdtt,Negative Likes
qm9wgw52fkd4,Negative Likes
w7b5096r3h4i,Negative Likes
d22uyz5hj34e,Negative Likes
jrgjy0n9odda,Negative Likes
4fgbp1fc2w0z,Negative Likes
oy1f3q51w8h4,Negative Likes
ts7pkueldr09,Negative Likes
9ysiyyetl6t5,Negative Likes
grkl4pz4oj0g,Negative Likes
u3ekjclc911c,Negative Likes
3uinp5pk7uj4,Negative Likes
ar8qvasrk8fj,Negative Likes
aqmidpx4yzpv,Negative Likes
znirsnel8kl2,Negative Likes
ohcz0vdwpygp,Negative Likes
leyorq9nm2t7,Negative Likes
zw75s3jinjyz,Negative Likes
0kwvoi6utfww,Negative Likes
ir3dueelpa4e,Negative Likes
bhyo6piijqt9,Negative Likes
44iuiadqj772,Negative Likes
d6xvuieb8aki,Negative Likes
12qfrxnjjrjw,Negative Likes
ds19fffsej29,Negative Likes
95tlcn4xx75o,Negative Likes
c50mpwkca20z,Negative Likes
za15cix3w20d,Negative Likes
2crzf0g83v8u,Negative Likes
c6fag8dxlkdh,Negative Likes
buu5b0zn37yr,Negative Likes
4ywo22lvts0v,Negative Likes
gd6bvwbbzl8i,Negative Likes
3itita1fbq1e,Negative Likes
4lfws6ketf5m,Negative Likes
p7a9obhyxpm5,Negative Likes
fgbu042vgzfu,Negative Likes
jsf04sbw8ako,Negative Likes
40t13oevo5bq,Negative Likes
g0vzzqkm86ko,Negative Likes
edmq7f9igx8e,Negative Likes
jugyu1trdqdh,Negative Likes
qf2t4wem477c,Negative Likes
goemymglfvl4,Negative Likes
a1he7e42vhlx,Negative Likes
8ow260vlruxg,Negative Likes
d2smtpl7ios3,Negative Likes
uz3eognr1uum,Negative Likes
3p4rpvpsp5xu,Negative Likes
4ukwgbsjvq6k,Negative Likes
7c24yjbjjufi,Negative Likes
53nsnrfvz7ne,Negative Likes
5cbvl6pktz1n,Negative Likes
3mbn15jw44pn,Negative Likes
pry53goeaeq0,Negative Likes
ql3p7w1bvpfh,Negative Likes
gugw4ni537sa,Negative Likes
rkpapykac0iy,Negative Likes
w81fwt353mv7,Negative Likes
cjfhwl15mhjy,Negative Likes
mwed5xt1leo6,Negative Likes
d59wgj8snng1,Negative Likes
tzddmg5idg0s,Negative Likes
ny23slql4l4x,Negative Likes
38tm1xfxxsdi,Negative Likes
or2b2nvk2rni,Negative Likes
6h887kmr61el,Negative Likes
aa25f5snehs8,Negative Likes
yymnj22qz6sa,Negative Likes
kzvhefmp1kwo,Negative Likes
bvgb3plfwkm7,Negative Likes
cuxxryskbc66,Negative Likes
ftfs01qbgyjc,Negative Likes
atarahr54s70,Negative Likes
26u0g2fea4nk,Negative Likes
q9auwyl8ljnk,Negative Likes
0cd8ztjdq57w,Negative Likes
0qr2xa70a6vt,Negative Likes
75zc6allhfpj,Negative Likes
n7ojiicpwqha,Negative Likes
rp1jojqeoxz8,Negative Likes
pzrovb3e46fr,Negative Likes
2kkhmi0envie,Negative Likes
kcyujtwmmhkc,Negative Likes
3bkbxn593aog,Negative Likes
6zs7xd5o16y7,Negative Likes
h8sy73gqilhs,Negative Likes
yi5fbzo9xgkq,Negative Likes
k21r07ypw81e,Negative Likes
y2gjzqbg3fyy,Negative Likes
24g3jd009ne2,Negative Likes
36t6ahu4vs4a,Negative Likes
30wk451w0l0o,Negative Likes
y4ydd9xahm2d,Negative Likes
4fgbp1fc2w0z,Negative Likes
xlyjobgt7mjk,Negative Likes
jewv3ht34wja,Negative Likes
s76f0tjjjt43,Negative Likes
24iwc5pnpj7d,Negative Likes
005g54tmt26m,Negative Likes
ns0kg9mbioje,Negative Likes
lrnf228elqv1,Negative Likes
tv8ezyignd1w,Negative Likes
r74dq4yo7gdb,Negative Likes
tqwl2x39bzhr,Negative Likes
ipvg26xgmta8,Negative Likes
a56mnn8p09kx,Negative Likes
0xp29cj808fi,Negative Likes
xp6itkkrv5c5,Negative Likes
9hl69mgfxgrb,Negative Likes
sc4pd20sqc7x,Negative Likes
4akbppom5doj,Negative Likes
bm5pv0s8oavu,Negative Likes
9gmpa26l7qep,Negative Likes
6eo74qvbg1fx,Negative Likes
9dlp6yk1t3dx,Negative Likes
o3w19le8tlhz,Negative Likes
hpmtxhgbv298,Negative Likes
aqo71lcd223g,Negative Likes
0ddspsnkvyc4,Negative Likes
smu6hm81xrb7,Negative Likes
dd8ot0znixom,Negative Likes
xsvqq9r42zv9,Negative Likes
bq5ym68aak27,Negative Likes
4ww0xfpx8y6f,Negative Likes
7xd1hmbf4lr4,Negative Likes
r6fepo2m5grx,Negative Likes
o2h1vja0ddn0,Negative Likes
d892dy0j1uun,Negative Likes
d32cw4vhvibn,Negative Likes
6eo74qvbg1fx,Negative Likes
dhfi0jpqz3zt,Negative Likes
6r6ym8ze0hfy,Negative Likes
mzz8pjdhynbb,Negative Likes
sco0i0xtsyki,Negative Likes
rpvl0q429ho3,Negative Likes
6zd0wwkpkq3z,Negative Likes
vgm4z1fn4wdi,Negative Likes
2vhey2f174z3,Negative Likes
t3feqp30rljj,Negative Likes
3ie6d1won5t5,Negative Likes
lka8d3gntgx5,Negative Likes
beokpdad5uxf,Negative Likes
3wxvnbb1v9sb,Negative Likes
bu5hj3a4ir50,Negative Likes
nna4racw8lzg,Negative Likes
gitajudcliy6,Negative Likes
h8t81lqsppbh,Negative Likes
wc1kjbol4vcf,Negative Likes
oz6xlmhhao2j,Negative Likes
k1skw5s2altv,Negative Likes
a5hlsqdtmcmm,Negative Likes
cwjrpi1t3jtw,Negative Likes
nun2k212jb2o,Negative Likes
cfrwo4x99q44,Negative Likes
ytnxpl7zib7g,Negative Likes
o9aqvldnqzob,Negative Likes
y9fh1sgods3k,Negative Likes
sh66h44eoyb6,Negative Likes
meq0v2dhd4vh,Negative Likes
2ejjgiczwy8e,Negative Likes
fx2t6xrjy0n4,Negative Likes
kz2aqb3fngr5,Negative Likes
o1b3mhxchqgt,Negative Likes
wibhgbg5ygi5,Negative Likes
we7js1k9xi5m,Negative Likes
5hdgp2o3h0s1,Negative Likes
mz4ztxgcqdfw,Negative Likes
pjptmxmhled2,Negative Likes
2p5hgml7or7a,Negative Likes
c0qb9ebhywcn,Negative Likes
trzcetk2u5ez,Negative Likes
2a1annwyhg3d,Negative Likes
jqppakrpyvgd,Negative Likes
7xio7gisg5a9,Negative Likes
8r3d5fblpozt,Negative Likes
2y9pwqv16cq8,Negative Likes
ljl2clpphco2,Negative Likes
ftfzpjhvbdvv,Negative Likes
lsr5m9su517a,Negative Likes
gmmc3qke481d,Negative Likes
vufbp00johcv,Negative Likes
pyr2pgnn4mx2,Negative Likes
67s0nnjxgggd,Negative Likes
xqfbmjzb0pqy,Negative Likes
1l14l3mjtn3d,Negative Likes
wz5nnohivp9v,Negative Likes
xffacm1gxirs,Negative Likes
z1gl7tkm6vgs,Negative Likes
qmsrfyy5qh6s,Negative Likes
sux46ojbw0gj,Negative Likes
ouac5rzth8ry,Negative Likes
825hiz7xy8c1,Negative Likes
wj2yyihjwio9,Negative Likes
rfbuxqvrh81u,Negative Likes
uc64yn5uekll,Negative Likes
fqk6dqmwi48l,Negative Likes
stszlyzihooz,Negative Likes
vtd917vsfpda,Negative Likes
x7q1or5v6vme,Negative Likes
g8vzvmkwl1s6,Negative Likes
eg5rl49a6ii0,Negative Likes
z68q9yc6umat,Negative Likes
r9ivgigkeu94,Negative Likes
uym2v1bq3rk9,Negative Likes
soe3fjwe0rxl,Negative Likes
wv0dpgpktiwl,Negative Likes
ge1g8m9cw7gl,Negative Likes
j6snpny5b4vz,Negative Likes
bnqoe1y1bozs,Negative Likes
70lu6ironuv0,Negative Likes
f44pz3izjncg,Negative Likes
a51qeksur6n2,Negative Likes
63onvavf905t,Negative Likes
9czuqwm8d17n,Negative Likes
bc05cpfbbwf4,Negative Likes
01kgwhi645er,Negative Likes
xsowxghh70d1,Negative Likes
438yljra6goh,Negative Likes
gs3hfdnx7idy,Negative Likes
43ruc6owfshg,Negative Likes
8cr6cpourqu7,Negative Likes
1931bzbnbkdd,Negative Likes
rjt4mwl5bj49,Negative Likes
